;LCA_CASE_NUMBER;STATUS;LCA_CASE_SUBMIT;DECISION_DATE;VISA_CLASS;LCA_CASE_EMPLOYMENT_START_DATE;LCA_CASE_EMPLOYMENT_END_DATE;LCA_CASE_EMPLOYER_NAME;LCA_CASE_EMPLOYER_ADDRESS;LCA_CASE_EMPLOYER_CITY;LCA_CASE_EMPLOYER_STATE;LCA_CASE_EMPLOYER_POSTAL_CODE;LCA_CASE_SOC_CODE;LCA_CASE_SOC_NAME;LCA_CASE_JOB_TITLE;LCA_CASE_WAGE_RATE_FROM;LCA_CASE_WAGE_RATE_TO;LCA_CASE_WAGE_RATE_UNIT;FULL_TIME_POS;TOTAL_WORKERS;LCA_CASE_WORKLOC1_CITY;LCA_CASE_WORKLOC1_STATE;PW_1;PW_UNIT_1;PW_SOURCE_1;OTHER_WAGE_SOURCE_1;YR_SOURCE_PUB_1;LCA_CASE_WORKLOC2_CITY;LCA_CASE_WORKLOC2_STATE;PW_2;PW_UNIT_2;PW_SOURCE_2;OTHER_WAGE_SOURCE_2;YR_SOURCE_PUB_2;LCA_CASE_NAICS_CODE
0;I-200-09106-546545;CERTIFIED-WITHDRAWN;2013-01-18 18:05:43;2014-09-29 15:59:50;H-1B;2013-02-01 00:00:00;2016-02-01 00:00:00;TEXAS STATE UNIVERSITY-SAN MARCOS;601 UNIVERSITY DRIVE;SAN MARCOS;TX;78666;19-1029;Biological Scientists, All Other;POSTDOCTORAL RESEARCH ASSOCIATE;50000.0;60000.0;Year;Y;1.0;SAN MARCOS;TX;43118.0;Year;OES;OFLC ONLINE DATA CENTER;2013.0;ST. LOUIS;MO;49566.0;Year;OES;OFLC ONLINE DATA CENTER;OFLC ONLINE DATA CENTER;611310.0
1;I-200-09162-143337;CERTIFIED;2014-03-17 11:11:45;2014-03-21 23:11:51;H-1B;2014-09-15 00:00:00;2017-09-15 00:00:00;EYE SPECIALISTS OF INDIANA, P.C.;1901 N. MERIDIAN ST.;INDIANAPOLIS;IN;46202;29-1041;Optometrists;OPTOMETRIST;65000.0;;Year;Y;1.0;INDIANAPOLIS;IN;64251.0;Year;Other;OFLC ONLINE DATA CENTER;2013.0;INDIANAPOLIS;IN;64251.0;Year;Other;OFLC ONLINE DATA CENTER;OFLC ONLINE DATA CENTER;621320.0
2;I-200-09182-550211;DENIED;2014-03-14 17:05:01;2014-03-20 16:59:49;H-1B;2014-04-01 00:00:00;2015-04-01 00:00:00;LHB, INC.;21 WEST SUPERIOR STREET;DULUTH;MN;55802;27-2011;Actors;FOOD SAFETY SCIENTIST;50000.0;;Year;Y;1.0;FARG;WI;50000.0;Year;OES;OFLIC ONLINE;2014.0;;;;;;;;541330.0
3;I-200-09193-873099;CERTIFIED;2014-03-01 12:37:02;2014-03-06 22:03:37;H-1B;2014-08-28 00:00:00;2017-08-27 00:00:00;WAM USA, INC.;75 BOULDERBROOK CIRCLE;LAWRENCEVILLE;GA;30045;13-2011;Accountants and Auditors;INTERNATIONAL ACCOUNTANT;48000.0;;Year;Y;1.0;LAWRENCEVILLE;GA;47424.0;Year;Other;OFLC ONLINE DATA CENTER;2014.0;;;;;;;;333922.0
4;I-200-09197-120609;CERTIFIED-WITHDRAWN;2014-03-10 15:33:41;2014-03-17 10:52:46;H-1B;2014-09-01 00:00:00;2017-09-01 00:00:00;DFUSE TECHNOLOGIES, INC.;20143 DESERT FOREST DRIVE;ASHBURN;VA;20147;15-1131;Computer Programmers;PROGRAMMER ANALYST;62000.0;;Year;Y;1.0;SAN JOSE;CA;61589.0;Year;OES;OFLC ONLINE DATA CENTER;2013.0;;;;;;;;541519.0
5;I-200-09203-855998;CERTIFIED;2014-08-20 16:41:05;2014-08-26 22:01:03;H-1B;2014-08-20 00:00:00;2015-09-14 00:00:00;TAKE ENTERPRISE SERVICES INC;502 CARNEGIE CENTER;PRINCETON;NJ;08540;15-1131;Computer Programmers;PROGRAMMER ANALYST;69742.0;;Year;Y;1.0;CHARLOTTE;NC;53706.0;Year;Other;FLC DATACENTER ONLINE WAGE LIBRARY;2014.0;;;;;;;;541511.0
6;I-200-09205-703458;WITHDRAWN;2014-09-15 16:31:51;2014-09-15 16:38:40;H-1B;2014-09-15 00:00:00;2015-01-10 00:00:00;TAKE SOLUTIONS, INC;502 CARNEGIE CENTER;PRINCETON;NJ;08540;15-1131;Computer Programmers;PROGRAMMER ANLYST;63000.0;;Year;Y;1.0;DOWNERS GROVE;IL;49774.0;Year;Other;FLC DATA CENTER ONLINE WAGE LIBRARY;2014.0;;;;;;;;541511.0
7;I-200-09205-927162;CERTIFIED;2014-06-26 13:21:18;2014-07-02 22:01:55;H-1B;2014-10-12 00:00:00;2017-10-11 00:00:00;PLATTFORM ADVERTISING, INC.;15500 W. 113TH STREET;LENEXA;KS;66219;15-1132;Software Developers, Applications;SENIOR APPLICATION DEVELOPER;99403.0;;Year;Y;1.0;LENEXA;KS;99403.0;Year;OES;OFLC ONLINE DATA CENTER;2013.0;;;;;;;;541810.0
8;I-200-09208-457486;WITHDRAWN;2013-07-17 08:34:07;2014-03-18 09:56:27;H-1B;2009-08-05 00:00:00;2012-08-04 00:00:00;PROPEL CORP.;621 HILLROSE DRIVE;LOUISVILLE;KY;40243;15-1031.00;Computer Software Engineers, Applications;SOFTWARE ENGINEER;60000.0;;Year;Y;1.0;LOUISVILLE;KY;58427.0;Year;OES;OFLC ONLINE DATA CENTER;2009.0;;;;;;;;541411.0
9;I-200-09211-513022;CERTIFIED-WITHDRAWN;2009-07-30 11:37:31;2014-05-13 11:11:01;H-1B;2009-09-15 00:00:00;2012-09-14 00:00:00;UT HEALTH SCIENCE CENTER AT SAN ANTONIO;7703 FLOYD CURL DR.;SAN ANTONIO;TX;78229-3900;29-1069.99;Physicians and Surgeons, All Other;ASSISTANT PROFESSOR;190000.0;;Year;Y;1.0;SAN ANTONIO;TX;43701.0;Year;OES;;2009.0;;;;;;;;611310.0
10;I-200-09216-104957;WITHDRAWN;2014-03-10 14:47:25;2014-03-10 14:57:16;H-1B;2014-09-01 00:00:00;2017-09-01 00:00:00;CITRON PHARMA, LLC;2 TOWER CENTER BLVD.;EAST BRUNSWICK;NJ;08816;15-1131;Computer Programmers;ERP PROGRAMMER;53000.0;;Year;Y;1.0;EAST BRUNSWICK;NJ;52770.0;Year;OES;OFLC ONLINE DATA CENTER;2013.0;;;;;;;;424210.0
11;I-200-09223-150783;CERTIFIED-WITHDRAWN;2011-04-18 20:33:32;2014-04-03 18:20:28;H-1B;2011-10-01 00:00:00;2014-09-30 00:00:00;ATHEROS COMMUNICATIONS, INC.;1700 TECHNOLOGY DRIVE;SAN JOSE;CA;95110;15-1032.00;Computer Software Engineers, Systems Software;SOFTWARE ENGINEER;99000.0;;Year;Y;1.0;SAN JOSE;CA;85904.0;Year;OES;OFLC ONLINE DATA CENTER;2010.0;;;;;;;;334413.0
12;I-200-09225-615114;CERTIFIED-WITHDRAWN;2013-08-19 11:00:57;2013-12-04 14:11:38;H-1B;2013-08-19 00:00:00;2016-02-09 00:00:00;ETEK IT SERVICES, INC.;830 E HIGGINS RD;SCHAUMBURG;IL;60173;15-1132;Software Developers, Applications;SOFTWARE ENGINEER;96429.0;;Year;Y;1.0;CHESTERBROOK;PA;96429.0;Year;Other;FLC DATA CENTER ONLINE WAGE LIBRARY;2013.0;;;;;;;;541511.0
13;I-200-09229-182110;WITHDRAWN;2014-03-08 15:50:11;2014-03-08 15:59:11;H-1B;2014-09-07 00:00:00;2017-09-06 00:00:00;ICON TECHNOLOGIES, INC.;450 CULLEN COPSE;ALPHARETTA;GA;30022;15-1131;Computer Programmers;COMPUTER PROGRAMMER;54000.0;;Year;Y;5.0;ALPHARETTA;GA;52229.0;Year;OES;OFLC ONLINE DATA CENTER;2013.0;ALPHARETTA;GA;52229.0;Year;OES;OFLC ONLINE DATA CENTER;OFLC ONLINE DATA CENTER;541511.0
14;I-200-09230-596710;CERTIFIED;2014-08-06 17:34:32;2014-08-12 22:00:19;H-1B;2014-09-05 00:00:00;2017-09-05 00:00:00;DEWBERRY ENGINEERS INC.;8401 ARLINGTON BLVD;FAIRFAX;VA;22031-4666;17-2051;Civil Engineers;STRUCTURAL ENGINEER;78083.2;;Year;Y;1.0;BLOOMFIELD;NJ;77979.0;Year;OES;OFLC ONLINE DATA CENTER;2014.0;;;;;;;;541330.0
15;I-200-09231-610493;CERTIFIED;2013-10-18 11:22:52;2013-10-26 22:01:48;H-1B;2013-11-04 00:00:00;2016-11-04 00:00:00;CAREMARK, LLC;750 W. JOHN CARPENTER FREEWAY;IRVING;TX;75039;15-1132;Software Developers, Applications;ANALYST, APPLICATION DEVELOPMENT;58074.0;76200.0;Year;Y;1.0;SCOTTSDALE;AZ;58074.0;Year;OES;OFLC ONLINE DATA CENTER;2013.0;;;;;;;;424210.0
16;I-200-09240-162319;CERTIFIED-WITHDRAWN;2011-08-30 17:03:51;2014-04-14 13:43:24;H-1B;2011-10-01 00:00:00;2014-10-01 00:00:00;CRISPIN PORTER & BOGUSKY, LLC;3390 MARY STREET, SUITE 300;MIAMI;FL;33133;27-1011;Art Directors;ART DIRECTOR;43300.0;;Year;Y;1.0;BOULDER;CO;43300.0;Year;Other;APWD, INC.: TOWERS WATSON: SURVEY REPORT ON PROFESSIONAL ADMINISTRATIVE SERVICES COMPENSAT;2011.0;;;;;;;;541810.0
17;I-200-09244-448752;CERTIFIED;2013-10-30 08:44:27;2013-11-05 22:00:54;H-1B;2013-11-04 00:00:00;2016-11-04 00:00:00;CAREMARK, LLC;750 W. JOHN CARPENTER FREEWAY;IRVING;TX;75039;15-1199;Computer Occupations, All Other;IT QUALITY ASSURANCE AUTOMATION ANALYST;63294.0;76200.0;Year;Y;1.0;RICHARDSON;TX;63294.0;Year;OES;OFLC ONLINE DATA CENTER;2013.0;;;;;;;;424210.0
18;I-200-09253-169906;CERTIFIED;2014-09-10 13:15:46;2014-09-16 22:01:57;H-1B;2014-09-10 00:00:00;2017-09-10 00:00:00;LOGISTIC SOLUTIONS, INC.;216 STELTON ROAD;PISCATAWAY;NJ;08854;15-1132;Software Developers, Applications;SOFTWARE ENGINEER;100000.0;;Year;Y;1.0;JERSEY CITY;NJ;91104.0;Year;OES;OFLC ONLINE DATA CENTER;2014.0;;;;;;;;541511.0
19;I-200-09254-252471;CERTIFIED-WITHDRAWN;2014-03-12 16:31:31;2014-08-25 12:39:30;H-1B;2014-09-10 00:00:00;2017-09-10 00:00:00;FRS AMERICA, INC.;2700 LAKE COOK ROAD;RIVERWOODS;IL;60015;41-9031;Sales Engineers;TECH SALES SUPPORT SPECIALIST III;110000.0;;Year;Y;1.0;WALTHAM;MA;101338.0;Year;OES;OFLC ONLINE DATA CENTER;2013.0;SAN ANTONIO;TX;82784.0;Year;OES;OFLC ONLINE DATA CENTER;OFLC ONLINE DATA CENTER;511210.0
20;I-200-09258-422637;CERTIFIED-WITHDRAWN;2009-09-15 13:22:46;2014-05-13 11:11:01;H-1B;2009-10-01 00:00:00;2012-09-30 00:00:00;UNIVERSITY OF TEXAS HEALTH SCIENCE CENTER AT SAN A;7703 FLOYD CURL DR.;SAN ANTONIO;TX;78229;25-1071.00;Health Specialties Teachers, Postsecondary;CLINICAL INSTRUCTOR;71148.0;;Year;N;1.0;SAN ANTONIO;TX;23.58;Hour;OES;;2009.0;;;;;;;;611310.0
21;I-200-09258-595347;CERTIFIED-WITHDRAWN;2014-03-21 17:09:38;2014-06-19 09:37:11;H-1B;2014-09-15 00:00:00;2017-09-15 00:00:00;SYSINTELLI, INC;9466 BLACK MOUNTAIN ROAD;SAN DIEGO;CA;92126;15-1132;Software Developers, Applications;SOFTWARE DEVELOPER;60000.0;;Year;Y;1.0;TAMPA;FL;55494.0;Year;OES;OFLC ONLINE DATA CENTER;2013.0;;;;;;;;541519.0
22;I-200-09259-849209;CERTIFIED;2014-03-12 15:51:54;2014-03-18 22:05:40;H-1B;2014-09-10 00:00:00;2017-09-10 00:00:00;FRS AMERICA, INC.;2700 LAKE COOK ROAD;RIVERWOODS;IL;60015;11-3021;Computer and Information Systems Managers;SENIOR IMPLEMENTATION CONSULTANT;129418.0;130000.0;Year;Y;1.0;NEW YORK;NY;129418.0;Year;OES;OFLC ONLINE DATA CENTER;2013.0;NEW YORK;NY;129418.0;Year;OES;OFLC ONLINE DATA CENTER;OFLC ONLINE DATA CENTER;511210.0
23;I-200-09266-413868;CERTIFIED;2014-03-13 17:18:13;2014-03-19 22:01:46;H-1B;2014-09-10 00:00:00;2017-09-09 00:00:00;STATOIL GULF SERVICES LLC;2103 CITYWEST BOULEVARD;HOUSTON;TX;77042;17-2081;Environmental Engineers;RESEARCHER, PRODUCTION AND WATER MANAGEMENT;119000.0;;Year;Y;1.0;HOUSTON;TX;94162.0;Year;OES;OFLC ONLINE DATA CENTER;2013.0;;;;;;;;213112.0
24;I-200-09267-929154;CERTIFIED;2014-04-23 14:25:11;2014-04-29 22:01:14;H-1B;2014-06-05 00:00:00;2017-06-05 00:00:00;CCH INCORPORATED;2700 LAKE COOK ROAD;RIVERWOODS;IL;60015;15-1132;Software Developers, Applications;APPLICATIONS DEVELOPER III;62982.0;114900.0;Year;Y;1.0;RIVERWOODS;IL;62982.0;Year;OES;OFLC ONLINE DATA CENTER;2013.0;;;;;;;;511210.0
25;I-200-09271-869754;CERTIFIED;2014-05-05 17:43:02;2014-05-09 22:02:13;H-1B;2014-05-05 00:00:00;2017-05-04 00:00:00;FRONTIER TECHNOLOGIES, LLC;1601 BOND STREET, SUITE 305;NAPERVILLE;IL;60563;15-1132;Software Developers, Applications;SOFTWARE ENGINEER;77000.0;;Year;Y;1.0;ELMHURST;IL;76357.0;Year;OES;OFLC ONLINE DATA CENTER;2013.0;;;;;;;;541511.0
26;I-200-09273-187930;CERTIFIED;2013-10-24 20:02:21;2013-11-01 22:03:03;H-1B;2014-04-21 00:00:00;2017-04-20 00:00:00;NEXTAG, INC.;2955 CAMPUS DRIVE;SAN MATEO;CA;94403;15-1132;Software Developers, Applications;SOFTWARE ENGINEER;123000.0;;Year;Y;1.0;SAN MATEO;CA;112674.0;Year;OES;OFLC ONLINE DATA CENTER;2013.0;;;;;;;;541710.0
27;I-200-09273-620055;CERTIFIED;2014-05-01 10:54:23;2014-05-07 22:01:15;H-1B;2014-07-19 00:00:00;2017-07-19 00:00:00;CCH INCORPORATED;2700 LAKE COOK ROAD;RIVERWOODS;IL;60015;11-3021;Computer and Information Systems Managers;MANAGER IT;111654.0;134700.0;Year;Y;1.0;IRVING;TX;111654.0;Year;OES;OFLC ONLINE DATA CENTER;2013.0;;;;;;;;511210.0
28;I-200-09275-975885;CERTIFIED;2014-04-19 23:13:20;2014-04-24 22:01:13;H-1B;2014-04-21 00:00:00;2015-04-25 00:00:00;YAMILETH BEEPERS CORP;10181 NW 58 ST SUITE 7;DORAL;FL;33178;27-1024;Graphic Designers;DESIGN & CREATIVE DIRECTOR;30.0;;Hour;Y;1.0;DORAL;FL;55680.0;Year;OES;OFLC ONLINE DATA CENTER;2013.0;;;;;;;;323110.0
29;I-200-09279-165003;WITHDRAWN;2011-04-18 16:39:24;2014-01-03 16:47:02;H-1B;2011-09-29 00:00:00;2014-09-29 00:00:00;BECKMAN COULTER, INC.;250 S. KRAEMER BLVD.;BREA;CA;92821;15-1032.00;Computer Software Engineers, Systems Software;SENIOR SOFTWARE VALIDATION ENGINEER;84178.0;;Year;Y;1.0;CHASKA;MN;35.53;Hour;Other;NATIONAL COMPENSATION SURVEY, BLS;2010.0;;;;;;;;3391.0
30;I-200-09279-213034;DENIED;2014-04-23 14:33:45;2014-04-29 11:49:47;H-1B;2014-06-21 00:00:00;2017-06-21 00:00:00;CCH INCORPORATED;2700 LAKE COOK ROAD;RIVERWOODS;IL;60015;15-1133;Software Developers, Systems Software;APPLICATIONS DEVELOPER II;81474.0;107300.0;Year;Y;1.0;KENNESAW;GA;81747.0;Year;OES;OFLC ONLINE DATA CENTER;2013.0;;;;;;;;511210.0
31;I-200-09280-107494;CERTIFIED-WITHDRAWN;2011-05-04 13:47:31;2013-10-31 20:51:41;H-1B;2011-09-11 00:00:00;2014-09-11 00:00:00;MCAFEE, INC.;2430 ENERGY PARK DRIVE;ST. PAUL;MN;55108;15-1071.01;Computer Security Specialists;PRODUCT SPECIALIST (SENIOR ENTERPRISE ACCOUNT MANA;82306.0;123000.0;Year;Y;1.0;SANTA CLARA;CA;82306.0;Year;OES;OFLC ONLINE DATA CENTER;2011.0;;;;;;;;5415.0
32;I-200-09288-856378;CERTIFIED;2013-10-18 14:43:44;2013-10-26 22:02:17;H-1B;2013-10-18 00:00:00;2016-07-14 00:00:00;APPS ASSOCIATES, LLC;40 NAGOG PARK;ACTON;MA;01720;15-1132;Software Developers, Applications;SENIOR CONSULTANT;105789.0;122178.0;Year;Y;1.0;BEDFORD;MA;104728.0;Year;Other;FLC DATA CENTER ONLINE WAGE LIBRARY;2013.0;;;;;;;;541511.0
33;I-200-09289-217121;CERTIFIED;2013-10-21 12:52:33;2013-10-26 22:02:26;H-1B;2013-10-21 00:00:00;2016-10-20 00:00:00;ALREK BUSINESS SOLUTIONS, INC;804 WOODFIELD ROAD;SCHAUMBURG;IL;60173;15-1132;Software Developers, Applications;PERFORMANCE TESTER;73861.0;;Year;Y;1.0;MENLO PARK;CA;73861.0;Year;Other;FLC DATA CENTER ONLINE WAGE LIBRARY;2013.0;;;;;;;;541511.0
34;I-200-09295-164849;CERTIFIED;2013-11-08 11:14:24;2013-11-15 22:01:03;H-1B;2014-01-01 00:00:00;2015-01-01 00:00:00;AMIT;CHERRYWOOD ROAD;MINNETONKA;MN;55305-;11-1011.00;Chief Executives;CHIEF FINANCIAL OFFICER;100000.0;;Year;Y;1.0;MINNETONKA;MN;99965.0;Year;OES;OFLC ONLINE DATA CENTER;2013.0;;;;;;;;5313.0
35;I-200-09300-229787;CERTIFIED-WITHDRAWN;2013-09-11 15:35:19;2014-04-10 16:22:02;H-1B;2014-02-28 00:00:00;2015-03-31 00:00:00;FITCH RATINGS;ONE STATE STREET PLAZA;NEW YORK;NY;10004;13-2051;Financial Analysts;DIRECTOR;157300.0;;Year;Y;1.0;NEW YORK;NY;95014.0;Year;OES;OFLC ONLINE DATA CENTER;2013.0;;;;;;;;523930.0
36;I-200-09300-310419;CERTIFIED;2013-10-22 18:23:03;2013-11-01 22:03:03;H-1B;2013-11-11 00:00:00;2016-11-10 00:00:00;PHUNWARE, INC.;7800 SHOAL CREEK BLVD., SUITE 210W;AUSTIN;TX;78757;15-1199;Computer Occupations, All Other;QUALITY ASSURANCE ENGINEER TEAM LEAD;100000.0;;Year;Y;1.0;AUSTIN;TX;98738.0;Year;OES;OFLC ONLINE DATA CENTER;2013.0;;;;;;;;5112.0
37;I-200-09302-985180;CERTIFIED;2013-10-21 13:02:31;2013-10-26 22:02:10;H-1B;2013-10-21 00:00:00;2016-10-20 00:00:00;INTONE NETWORKS INC.;10 AUSTIN AVENUE;ISELIN;NJ;08830;15-1121;Computer Systems Analysts;BUSINESS ANALYST;60000.0;;Year;Y;1.0;PORTSMOUTH;NH;56722.0;Year;Other;FLC DATA CENTER ONLINE WAGE LIBRARY;2013.0;;;;;;;;541519.0
38;I-200-09306-261972;CERTIFIED;2013-10-23 09:23:36;2013-11-01 22:01:55;H-1B;2013-10-23 00:00:00;2016-10-22 00:00:00;SEAL CONSULTING, INC.;105 FIELDCREST AVENUE;EDISON;NJ;08837;15-1131;Computer Programmers;SAP CONSULTANT;48464.0;;Year;Y;1.0;ST. LOUIS;MO;48464.0;Year;Other;FLC DATA CENTER ONLINE WAGE LIBRARY;2013.0;;;;;;;;541511.0
39;I-200-09310-751106;CERTIFIED;2013-10-24 06:27:07;2013-11-01 22:01:55;H-1B;2014-03-10 00:00:00;2017-03-09 00:00:00;INTONE NETWORKS INC.;10 AUSTIN AVENUE;ISELIN;NJ;08830;15-1131;Computer Programmers;SAP ABAP DEVELOPER LEVEL III;60000.0;;Year;Y;1.0;WASHINGTON;DC;54330.0;Year;Other;FLC DATA CENTER ONLINE WAGE LIBRARY;2013.0;;;;;;;;541519.0
40;I-200-09317-317907;CERTIFIED-WITHDRAWN;2011-09-19 16:41:55;2014-08-06 14:47:26;H-1B;2011-10-01 00:00:00;2014-09-30 00:00:00;C-LEVEL MANAGEMENT, INC;31371 RANCHO VIEJO ROAD;SAN JUAN CAPISTRANO;CA;92675;15-1121;Computer Systems Analysts;SOLUTIONS ARCHITECT;56000.0;;Year;Y;1.0;SAN JUAN CAPISTRANO;CA;55661.0;Year;Other;OFLC ONLINE DATA CENTER;2011.0;;;;;;;;541611.0
41;I-200-09321-500817;CERTIFIED;2014-03-25 18:07:27;2014-03-31 22:00:44;H-1B;2014-09-24 00:00:00;2017-09-24 00:00:00;HDK ENTERPRISES, INC.;7700 MAIN STREET;HOUSTON;TX;77030-4456;13-2011;Accountants and Auditors;BUSINESS ANALYST & COMPLIANCE OFFICER;60000.0;;Year;Y;1.0;HOUSTON;TX;47070.0;Year;OES;OFLC ONLINE DATA CENTER;2013.0;;;;;;;;424210.0
42;I-200-09321-521235;CERTIFIED-WITHDRAWN;2012-05-02 17:55:25;2014-08-21 12:06:35;H-1B;2012-05-11 00:00:00;2015-05-10 00:00:00;BARCLAYS CAPITAL INC.;745 SEVENTH AVENUE;NEW YORK;NY;10019;15-1132;Software Developers, Applications;VICE PRESIDENT, QUANTITATIVE EQUITIES APPLICATIONS;175000.0;;Year;Y;1.0;NEW YORK;NY;101629.0;Year;OES;OFLC ONLINE DATA CENTER;2011.0;;;;;;;;523110.0
43;I-200-09321-656288;CERTIFIED;2013-10-24 08:48:22;2013-11-01 22:02:21;H-1B;2013-10-24 00:00:00;2016-10-23 00:00:00;TEKCOMMANDS INC;631 EAST BIG BEAVER ROAD;TROY;MI;48083;15-1121;Computer Systems Analysts;QUALITY SYSTEMS ANALYST;67038.0;;Year;Y;1.0;COLUMBUS;OH;67038.0;Year;Other;FLC DATA CENTER ONLINE WAGE LIBRARY;2013.0;;;;;;;;541511.0
44;I-200-09322-015520;CERTIFIED-WITHDRAWN;2011-05-18 07:05:35;2014-05-29 18:39:49;H-1B;2011-10-01 00:00:00;2014-09-30 00:00:00;SEMAFOR TECHNOLOGIES, LLC;SIX CONCOURSE PARKWAY, FIFTH FLOOR;ATLANTA;GA;30328;15-1031.00;Computer Software Engineers, Applications;SOFTWARE ENGINEER;60000.0;90000.0;Year;Y;1.0;TALLAHASSEE;FL;48984.0;Year;OES;OFLC ONLINE DATA CENTER;2010.0;;;;;;;;541511.0
45;I-200-09323-607889;CERTIFIED-WITHDRAWN;2012-05-28 10:38:49;2014-01-22 11:09:23;H-1B;2012-10-01 00:00:00;2015-10-01 00:00:00;TARGET LABS, INC.;8320 OLD COURTHOSE RD., 2ND FLOOR;VIENNA;VA;22182;15-1051.00;Computer Systems Analysts;PROGRAMMER ANALYST;60174.0;;Year;Y;1.0;VIENNA;VA;60174.0;Year;OES;OFLC ONLINE DATA CENTER;2011.0;;;;;;;;541511.0
46;I-200-09327-169757;CERTIFIED;2013-10-30 09:45:55;2013-11-05 22:00:55;H-1B;2013-11-18 00:00:00;2016-11-18 00:00:00;CAREMARK, LLC;750 W. JOHN CARPENTER FREEWAY;IRVING;TX;75039;15-1132;Software Developers, Applications;JAVA DEVELOPER;62712.0;85000.0;Year;Y;1.0;NORTHBROOK;IL;62712.0;Year;OES;OFLC ONLINE DATA CENTER;2013.0;;;;;;;;424210.0
47;I-200-09328-842914;CERTIFIED-WITHDRAWN;2012-12-28 13:33:08;2014-01-14 17:01:47;H-1B;2013-01-07 00:00:00;2016-01-06 00:00:00;NOKIA INC.;6021 CONNECTION DRIVE;IRVING;TX;75039;17-2112;Industrial Engineers;PRODUCT DEVELOPMENT PURCHASING MANAGER;120000.0;;Year;Y;1.0;SAN DIEGO;CA;94203.0;Year;OES;OFLC ONLINE DATA CENTER;2012.0;;;;;;;;517212.0
48;I-200-09333-147505;CERTIFIED;2013-11-05 09:33:39;2013-11-13 22:00:38;H-1B;2013-11-18 00:00:00;2016-11-18 00:00:00;CAREMARK, LLC;750 W. JOHN CARPENTER FREEWAY;IRVING;TX;75039;15-1199;Computer Occupations, All Other;BUSINESS INTELLIGENCE ARCHITECT;120000.0;160000.0;Year;Y;1.0;SCOTTSDALE;AZ;77522.0;Year;OES;OFLC ONLINE DATA CENTER;2013.0;;;;;;;;424210.0
49;I-200-09335-123628;CERTIFIED;2014-09-10 10:23:09;2014-09-16 22:01:36;H-1B;2014-09-30 00:00:00;2015-01-01 00:00:00;NEUROSTREAM TECHNOLOGIES CORP.;TWO CARLSON PARKWAY N;MINNEAPOLIS;MN;55447-;19-1042.00;Medical Scientists, Except Epidemiologists;RESEARCH SCIENTIST, GAIT DISORDERS AND THERAPY;87500.0;;Year;Y;1.0;MINNEAPOLIS;MN;82826.0;Year;OES;OFLC ONLINE DATA CENTER;2014.0;;;;;;;;334510.0
50;I-200-09336-481442;WITHDRAWN;2011-03-23 13:39:54;2014-09-03 16:02:48;H-1B;2011-09-22 00:00:00;2014-09-21 00:00:00;SBM ATLANTIA, INC.;1255 ENCLAVE PARKWAY, SUITE 400;HOUSTON;TX;77077;17-2041.00;Chemical Engineers;SENIOR PROCESS ENGINEER;101275.0;115000.0;Year;Y;1.0;HOUSTON;TX;101275.0;Year;OES;OFLC ONLINE DATA CENTER;2010.0;;;;;;;;336611.0
51;I-200-09338-093360;CERTIFIED-WITHDRAWN;2011-11-08 18:34:47;2014-07-15 12:19:12;H-1B;2011-11-28 00:00:00;2014-11-27 00:00:00;PROSUM INC.;2321 ROSECRANS AVE.;EL SEGUNDO;CA;90245;15-1121;Computer Systems Analysts;BUSINESS ANALYST;115000.0;;Year;Y;1.0;LOS ANGELES;CA;97427.0;Year;OES;OFLC ONLINE DATA CENTER;2011.0;;;;;;;;541519.0
52;I-200-09338-585380;CERTIFIED;2013-10-24 11:04:25;2013-11-01 22:01:55;H-1B;2013-10-24 00:00:00;2014-07-30 00:00:00;AKT, LLC.;10 AUSTIN AVENUE;ISELIN;NJ;08830;15-1142;Network and Computer Systems Administrators;SYSTEMS ENGINEER-2 (WEBSPHERE ADMINISTRATOR);80000.0;;Year;Y;1.0;COLUMBIA;MD;55390.0;Year;Other;FLC DATA CENTER ONLINE WAGE LIBRARY;2013.0;;;;;;;;541519.0
53;I-200-09341-940535;CERTIFIED;2014-04-21 12:47:11;2014-04-25 22:01:16;H-1B;2014-05-05 00:00:00;2017-05-05 00:00:00;CT CORPORATION SYSTEMS;2700 LAKE COOK ROAD;RIVERWOODS;IL;60015;11-1021;General and Operations Managers;SENIOR MANAGER, FINANCIAL PLANNING & ANALYSIS;124675.0;175600.0;Year;Y;1.0;HOUSTON;TX;124675.0;Year;OES;OFLC ONLINE DATA CENTER;2013.0;;;;;;;;511210.0
54;I-200-09342-409761;CERTIFIED-WITHDRAWN;2009-12-08 14:35:36;2014-05-13 11:11:02;H-1B;2010-01-01 00:00:00;2012-12-31 00:00:00;UNIVERSITY OF TEXAS HEALTH SCIENCE CENTER AT SAN A;7703 FLOYD CURL DR.;SAN ANTONIO;TX;78229;25-1071.00;Health Specialties Teachers, Postsecondary;CLINICAL ASSISTANT PROFESSOR;38.46;;Hour;N;1.0;SAN ANTONIO;TX;20.36;Hour;OES;;2009.0;;;;;;;;611310.0
55;I-200-09344-948880;CERTIFIED;2013-10-25 08:45:24;2013-11-01 22:01:55;H-1B;2013-10-25 00:00:00;2016-09-06 00:00:00;INTONE NETWORKS INC.;10 AUSTIN AVENUE;ISELIN;NJ;08830;15-1131;Computer Programmers;SR. STATISTICAL PROGRAMMER;62000.0;;Year;Y;1.0;THOUSAND OAKS;CA;59800.0;Year;Other;FLC DATA CENTER ONLINE WAGE LIBRARY;2013.0;;;;;;;;541519.0
56;I-200-09350-610503;CERTIFIED-WITHDRAWN;2011-09-06 19:44:17;2014-02-12 13:50:38;H-1B;2011-10-03 00:00:00;2014-10-02 00:00:00;SUNGARD BUSINESS SYSTEMS LLC;104 INVERNESS CENTER PLACE;BIRMINGHAM;AL;35242;15-1121;Computer Systems Analysts;SR. JAVA DEVELOPER;90000.0;;Year;Y;1.0;BIRMINGHAM;AL;64045.0;Year;Other;OFLC ONLINE DATA CENTER;2011.0;;;;;;;;541511.0
57;I-200-09352-459411;CERTIFIED;2013-10-25 08:35:57;2013-11-01 22:01:55;H-1B;2013-10-25 00:00:00;2014-03-16 00:00:00;INTONE NETWORKS INC.;10 AUSTIN AVENUE;ISELIN;NJ;08830;15-1132;Software Developers, Applications;J2EE/ICAN DEVELOPER;64000.0;;Year;Y;1.0;EL SEGUNDO;CA;63856.0;Year;Other;FLC DATA CENTER ONLINE WAGE LIBRARY;2013.0;;;;;;;;541519.0
58;I-200-09356-373424;CERTIFIED-WITHDRAWN;2011-03-24 17:06:34;2014-04-03 18:46:07;H-1B;2011-08-03 00:00:00;2014-08-02 00:00:00;NOVATEL WIRELESS, INC.;9645 SCRANTON ROAD, STE. 205;SAN DIEGO;CA;92121;17-2072.00;Electronics Engineers, Except Computer;SENIOR FIELD TEST ENGINEER;87122.0;;Year;Y;1.0;SAN DIEGO;CA;87122.0;Year;Other;RADFORD GLOBAL TECHNOLOGY SURVEY;2010.0;;;;;;;;513300.0
59;I-200-10015-368282;CERTIFIED;2013-10-28 18:50:49;2013-11-01 22:00:35;H-1B;2014-02-14 00:00:00;2017-02-13 00:00:00;RESOLUTION HEALTH, INC.;2015 STAPLES MILL ROAD;RICHMOND;VA;23230;15-1132;Software Developers, Applications;BUSINESS INFORMATION DEVELOPER SENIOR;67226.0;88587.0;Year;Y;1.0;COLUMBIA;MD;67226.0;Year;Other;OFLC ONLINE DATA CENTER;2013.0;ELLICOTT CITY;MD;67226.0;Year;OES;OFLC ONLINE DATA CENTER;OFLC ONLINE DATA CENTER;524114.0
60;I-200-10021-909287;CERTIFIED;2014-01-30 15:55:58;2014-02-06 09:17:50;H-1B;2014-02-24 00:00:00;2017-02-24 00:00:00;PRECISION MANAGEMENT GROUP, INC.;180 MT. AIRY ROAD;BASKING RIDGE;NJ;07920;15-1199;Computer Occupations, All Other;IT QUALITY ASSURANCE ANALYST;30.0;;Hour;Y;1.0;MAYFIELD VILLAGE;OH;29.86;Hour;OES;OFLC ONLINE DATA CENTER;2013.0;;;;;;;;541519.0
61;I-200-10022-756568;CERTIFIED;2013-10-24 20:48:23;2013-11-01 22:01:36;H-1B;2013-10-24 00:00:00;2016-10-22 00:00:00;BLACKROCK INVESTMENT MANAGEMENT, LLC;40 EAST 52ND STREET;NEW YORK;NY;10022;13-1111;Management Analysts;ASSOCIATE;82659.0;85000.0;Year;Y;1.0;NEW YORK;NY;82659.0;Year;OES;OFLC ONLINE DATA CENTER;2013.0;;;;;;;;523920.0
62;I-200-10028-279543;CERTIFIED;2014-03-20 11:24:44;2014-03-26 22:01:12;H-1B;2014-09-15 00:00:00;2017-09-14 00:00:00;TASACOM TECHNOLOGIES, INC.;GATEWAY TOWER;DALLAS;TX;75251;15-1132;Software Developers, Applications;COMPUTER SOFTWARE ENGINEER;62500.0;;Year;Y;1.0;DALLAS;TX;62379.0;Year;Other;OFLC DATA CENTER;2013.0;;;;;;;;541511.0
63;I-200-10028-416653;CERTIFIED;2014-02-26 23:15:16;2014-03-04 22:00:38;H-1B;2014-03-10 00:00:00;2017-03-01 00:00:00;TASACOM TECHNOLOGIES, INC.;GATEWAY TOWER;DALLAS;TX;75251;15-1031.00;Computer Software Engineers, Applications;COMPUTER SOFTWARE ENGINEER;63000.0;;Year;Y;1.0;DALLAS;TX;62379.0;Year;Other;OFLC DATA CENTER;2014.0;;;;;;;;541511.0
64;I-200-10028-562136;CERTIFIED;2014-02-26 23:10:01;2014-03-04 22:00:38;H-1B;2014-03-03 00:00:00;2017-03-01 00:00:00;TASACOM TECHNOLOGIES, INC.;GATEWAY TOWER;DALLAS;TX;75251;15-1132;Software Developers, Applications;SOFTWARE ENGINEER;63000.0;;Year;Y;1.0;DALLAS;TX;62379.0;Year;Other;OFLC DATA CENTER;2014.0;;;;;;;;541511.0
65;I-200-10034-500633;CERTIFIED;2014-04-01 15:50:44;2014-04-07 22:01:01;H-1B;2014-04-01 00:00:00;2017-01-17 00:00:00;AMENSYS INC;860 HEBRON PKWY, STE# 604;LEWISVILLE;TX;75057;15-1131;Computer Programmers;COMPUTER PROGRAMMER;60000.0;;Year;Y;1.0;HARTFORD;CT;40914.0;Year;OES;OFLC ONLINE DATA CENTER;2013.0;ISELIN;NJ;52770.0;Year;OES;OFLC ONLINE DATA CENTER;OFLC ONLINE DATA CENTER;541511.0
66;I-200-10034-651606;CERTIFIED;2014-03-12 06:06:41;2014-03-18 22:05:08;H-1B;2014-08-28 00:00:00;2017-08-27 00:00:00;MC10 INC.;9 CAMP STREET;CAMBRIDGE;MA;02140;17-2071;Electrical Engineers;PROCESS ENGINEER;94500.0;;Year;Y;1.0;CAMBRIDGE;MA;88858.0;Year;OES;OFLC ONLINE DATA CENTER;2013.0;;;;;;;;334111.0
67;I-200-10036-487123;CERTIFIED;2014-04-23 14:30:26;2014-04-29 22:01:14;H-1B;2014-05-05 00:00:00;2017-05-05 00:00:00;CCH INCORPORATED;2700 LAKE COOK ROAD;RIVERWOODS;IL;60015;15-1132;Software Developers, Applications;SOFTWARE ENGINEER III;93267.0;159500.0;Year;Y;1.0;TORRANCE;CA;93267.0;Year;OES;OFLC ONLINE DATA CENTER;2013.0;;;;;;;;511210.0
68;I-200-10043-357283;CERTIFIED;2013-11-06 16:00:09;2013-11-13 22:01:40;H-1B;2013-11-25 00:00:00;2016-11-24 00:00:00;WELLPOINT, INC.;1 WELLPOINT WAY;THOUSAND OAKS;CA;91362;15-1199;Computer Occupations, All Other;IT QUALITY CONTROL ANALYST SENIOR;71989.0;83304.0;Year;Y;1.0;RICHMOND;VA;71989.0;Year;OES;OFLC ONLINE DATA CENTER;2013.0;RICHMOND;VA;71989.0;Year;OES;OFLC ONLINE DATA CENTER;OFLC ONLINE DATA CENTER;524114.0
69;I-200-10043-738928;CERTIFIED-WITHDRAWN;2010-02-12 13:33:15;2014-04-18 12:45:44;H-1B;2010-02-15 00:00:00;2013-02-14 00:00:00;CENTAURUS TECHNOLOGY PARTNERS, LLC;5005 W.ROYAL LANE;IRVING;TX;75063;15-1052.00;Computer Systems Analysts, Non R&D (ACWIA Only);SYSTEM ANALYST;65000.0;70000.0;Year;Y;1.0;ADDISON;TX;64334.0;Year;OES;OFLC ONLINE DATA CENTER;2010.0;;;;;;;;54151.0
70;I-200-10046-060512;CERTIFIED-WITHDRAWN;2011-10-03 15:48:50;2014-08-21 19:05:11;H-1B;2011-10-10 00:00:00;2014-10-10 00:00:00;NUL SYSTEM SERVICES CORPORATION;3945 FREEDOM CIRCLE, SUITE 430;SANTA CLARA;CA;95054;15-1142;Network and Computer Systems Administrators;IT SERVICE MANAGER;130000.0;;Year;Y;1.0;SANTA CLARA;CA;112681.0;Year;OES;APWD, INC.: OFLC ONLINE DATA CENTER;2011.0;NEW YORK CITY;NY;101171.0;Year;OES;APWD, INC.: OFLC ONLINE DATA CENTER;APWD, INC.: OFLC ONLINE DATA CENTER;541512.0
71;I-200-10054-885919;CERTIFIED;2013-11-04 08:45:45;2013-11-13 22:01:40;H-1B;2013-11-18 00:00:00;2016-09-22 00:00:00;WELLPOINT, INC.;1 WELLPOINT WAY;THOUSAND OAKS;CA;91362;15-1132;Software Developers, Applications;DEVELOPER ADVISOR;90600.0;105000.0;Year;Y;1.0;HENRICO;VA;90600.0;Year;Other;TOWERS WATSON: PROFESSIONAL (TECHNICAL AND OPERATIONS) COMPENSATION SURVEY;2013.0;;;;;;;;524114.0
72;I-200-10055-455289;CERTIFIED-WITHDRAWN;2013-05-21 11:24:53;2014-05-02 09:44:31;H-1B;2013-05-28 00:00:00;2016-05-27 00:00:00;SPARTAN SOLUTIONS INC;2851 STAGE VILLAGE COVE;BARTLETT;TN;38134;15-1121;Computer Systems Analysts;SAP FUNCTIONAL ANALYST;83000.0;;Year;Y;1.0;MARLBOROUGH;MA;82680.0;Year;Other;FLC DATA CENTER ONLINE WAGE LIBRARY;2012.0;;;;;;;;541511.0
73;I-200-10062-882205;CERTIFIED;2014-05-15 11:23:10;2014-05-21 22:01:28;H-1B;2014-11-14 00:00:00;2017-07-26 00:00:00;MIRIMUS, INC.;1 BUNGTOWN ROAD;COLD SPRING HARBOR;NY;11724;19-4021;Biological Technicians;PROJECT MANAGER (GENETICALLY ENGINEERED MOUSE MODE;57540.0;;Year;Y;1.0;COLD SPRING HARBOR;NY;48214.0;Year;OES;OFLC ONLINE DATA CENTER;2014.0;;;;;;;;541711.0
74;I-200-10064-055302;CERTIFIED;2014-09-17 14:37:48;2014-09-23 22:00:08;H-1B;2014-10-06 00:00:00;2017-10-05 00:00:00;VMWARE, INC.;3401 HILLVIEW AVE;PALO ALTO;CA;94304;15-1132;Software Developers, Applications;MEMBER OF TECHNICAL STAFF - SOFTWARE ENGINEER;135000.0;;Year;Y;1.0;PALO ALTO;CA;98557.0;Year;Other;RADFORD GLOBAL TECHNOLOGY SURVEY;2014.0;;;;;;;;541511.0
75;I-200-10064-148654;CERTIFIED-WITHDRAWN;2010-03-05 17:48:58;2014-04-18 12:45:45;H-1B;2010-03-15 00:00:00;2013-03-14 00:00:00;CENTAURUS TECHNOLOGY PARTNERS, LLC;5005 W.ROYAL LANE;IRVING;TX;75063;15-1052.00;Computer Systems Analysts, Non R&D (ACWIA Only);SYSTEM ANALYST;60694.0;;Year;Y;1.0;TEMPLE TERRANCE;FL;60694.0;Year;OES;OFLC ONLINE DATA CENTER;2010.0;;;;;;;;54151.0
76;I-200-10067-202572;CERTIFIED;2014-03-08 13:43:54;2014-03-13 22:05:00;H-1B;2014-05-30 00:00:00;2017-05-30 00:00:00;ADVENTIST HEALTH SYSTEM/SUNBELT INC;711 EAST ALTAMONTE DRIVE;ALTAMONTE SPRINGS;FL;32701;29-2011;Medical and Clinical Laboratory Technologists;MEDICAL TECHNOLOGIST;24.27;;Hour;Y;1.0;CELEBRATION;FL;23.03;Hour;OES;OFLC ONLINE DATA CENTER;2014.0;;;;;;;;62211.0
77;I-200-10068-550475;CERTIFIED-WITHDRAWN;2013-06-21 17:06:16;2014-07-01 09:13:46;H-1B;2013-07-29 00:00:00;2016-07-28 00:00:00;VISTAPRINT USA, INCORPORATED;95 HAYDEN AVENUE;LEXINGTON;MA;02421;15-1132;Software Developers, Applications;LEAD SOFTWARE ENGINEER;86000.0;125000.0;Year;Y;1.0;LEXINGTON;MA;85446.0;Year;OES;OFLC ONLINE DATA CENTER;2012.0;;;;;;;;323119.0
78;I-200-10068-750324;CERTIFIED;2014-09-17 15:48:45;2014-09-23 22:00:32;H-1B;2014-10-06 00:00:00;2017-10-05 00:00:00;VMWARE, INC.;3401 HILLVIEW AVE;PALO ALTO;CA;94304;15-1199;Computer Occupations, All Other;BUSINESS ANALYST - BUSINESS INTELLIGENCE REPORTING;110000.0;;Year;Y;1.0;PALO ALTO;CA;79969.0;Year;Other;RADFORD GLOBAL TECHNOLOGY SURVEY;2014.0;;;;;;;;541511.0
79;I-200-10069-898837;CERTIFIED;2014-03-13 12:49:02;2014-03-19 22:06:20;H-1B;2014-09-10 00:00:00;2017-09-10 00:00:00;OAK LEAF CONSTRUCTION, INC.;2130 POST STREET #310;SAN FRANCISCO;CA;94115;13-2011;Accountants and Auditors;COST ACCOUNTANT;26.5;;Hour;N;1.0;SAN FRANCISCO;CA;26.49;Hour;OES;OFLC ONLINE WAGE LIBRARY;2013.0;;;;;;;;2361.0
80;I-200-10070-075032;WITHDRAWN;2014-03-26 16:18:28;2014-03-26 16:31:48;H-1B;2014-09-22 00:00:00;2017-09-21 00:00:00;COMPVUE, INC.;440 N WOLFE RD;SUNNYVALE;CA;94085;15-1031.00;Computer Software Engineers, Applications;SOFTWARE ENGINEER;75000.0;;Year;Y;1.0;COMPTON;CA;63856.0;Year;OES;OFLC ONLINE DATA CENTER;2014.0;;;;;;;;541511.0
81;I-200-10070-102987;CERTIFIED;2014-04-08 11:19:38;2014-04-14 22:00:34;H-1B;2014-07-21 00:00:00;2017-07-20 00:00:00;COMMUNITY HEALTH CENTER OF SNOHOMISH COUNTY;8609 EVERGREEN WAY;EVERETT;WA;98208;29-1063;Internists, General;PHYSICIAN;140000.0;203000.0;Year;Y;1.0;EVERETT;WA;135158.0;Year;OES;OFLC ONLINE DATA CENTER;2013.0;;;;;;;;621498.0
82;I-200-10074-809447;CERTIFIED-WITHDRAWN;2012-08-21 18:49:30;2014-09-17 10:28:46;H-1B;2012-09-07 00:00:00;2015-09-06 00:00:00;SID COMPUTER GROUP INC.;185 HUDSON STREET, SUITE 2340;JERSEY CITY;NJ;07302;15-1121;Computer Systems Analysts;SAP FICO ANALYST;83637.0;;Year;Y;1.0;SUNNYVALE;CA;83637.0;Year;Other;OFLC ONLINE DATA CENTER;2012.0;JERSEY CITY;NJ;75878.0;Year;Other;OFLC ONLINE DATA CENTER;OFLC ONLINE DATA CENTER;541511.0
83;I-200-10075-164728;DENIED;2013-11-07 16:23:25;2013-11-14 11:22:03;H-1B;2010-09-15 00:00:00;2013-09-15 00:00:00;CHALLENGER SPORTS CORP.;8263 FLINT;LENEXA;KS;66214;19-3021.00;Market Research Analysts;MARKET RESEARCH ANALYST:  PROGRAMS AND TOURS;37149.0;37149.0;Year;Y;1.0;SMYRNA;GA;37149.0;Year;Other;FLC ONLINE DATA SURVEY;2009.0;;;;;;;;61131.0
84;I-200-10076-219246;CERTIFIED;2014-09-23 15:48:29;2014-09-29 22:00:14;H-1B;2014-10-13 00:00:00;2017-10-12 00:00:00;VMWARE, INC.;3401 HILLVIEW AVE;PALO ALTO;CA;94304;15-1199;Computer Occupations, All Other;SENIOR QUALITY ASSURANCE ENGINEER;118000.0;;Year;Y;1.0;PALO ALTO;CA;111742.0;Year;Other;RAFORD GLOBAL TECHNOLOGY SURVEY;2014.0;;;;;;;;541511.0
85;I-200-10077-564188;CERTIFIED;2014-03-21 16:02:29;2014-03-27 22:01:27;H-1B;2014-09-20 00:00:00;2017-09-20 00:00:00;UP ALL NIGHT CORP;3701 KIRBY DRIVE;HOUSTON;TX;77098;27-3031;Public Relations Specialists;PUBLIC RELATIONS ACCOUNT EXECUTIVE;35000.0;45000.0;Year;Y;1.0;HOUSTON;TX;33072.0;Year;OES;OFLC ONLINE DATA CENTER;2013.0;;;;;;;;541810.0
86;I-200-10078-083188;CERTIFIED-WITHDRAWN;2011-04-07 18:15:16;2013-10-18 18:30:09;H-1B;2011-09-09 00:00:00;2014-09-08 00:00:00;PFIZER INC;235 EAST 42ND STREET;NEW YORK;NY;10017;19-2031.00;Chemists;SENIOR ASSOCIATE SCIENTIST;62500.0;93800.0;Year;Y;1.0;GROTON;CT;57242.0;Year;OES;OFLC ONLINE DATA CENTER;2010.0;;;;;;;;325412.0
87;I-200-10078-137823;CERTIFIED;2014-03-10 12:34:17;2014-03-14 22:04:04;H-1B;2014-09-05 00:00:00;2017-09-05 00:00:00;SOLVOYO CO;77 FRANKLIN STREET;BOSTON;MA;02110;11-3031;Financial Managers;VICE PRESIDENT OF FINANCE;80000.0;100000.0;Year;Y;1.0;BOSTON;MA;78062.0;Year;OES;OFLC ONLINE DATA CENTER;2013.0;;;;;;;;541519.0
88;I-200-10081-064856;CERTIFIED;2014-03-04 12:56:06;2014-03-10 22:03:25;H-1B;2014-09-03 00:00:00;2017-09-02 00:00:00;LE SUEUR INC.;1409 VINE STREET;LE SUEUR;MN;56058;17-2141;Mechanical Engineers;DIRECTOR OF ENGINEERING;126000.0;;Year;Y;1.0;LE SUEUR;MN;83845.0;Year;OES;OFLC ONLINE WAGE LIBRARY;2014.0;;;;;;;;333511.0
89;I-200-10081-802098;CERTIFIED;2014-03-10 17:29:09;2014-03-14 22:04:05;H-1B;2014-09-09 00:00:00;2017-09-08 00:00:00;BIOSS INC.;500 WEST CUMMINGS PARK;WOBURN;MA;01801;13-2011;Accountants and Auditors;CORPORATE ACCOUNTANT;49920.0;;Year;Y;1.0;WOBURN;MA;48194.0;Year;Other;ONLINE FLC DATA CENTER;2014.0;;;;;;;;325411.0
90;I-200-10082-481608;DENIED;2014-03-10 16:59:06;2014-03-17 13:42:14;H-1B;2014-09-09 00:00:00;2017-09-08 00:00:00;JIN HONG;77 PINE RIDGE DRIVE;AYER;MA;01432;15-1141;Database Administrators;DATABASE ADMINISTRATOR;22.22;;Hour;N;1.0;BILLERICA;MA;22.22;Hour;Other;OFLC;2014.0;;;;;;;;541710.0
91;I-200-10084-679493;CERTIFIED-WITHDRAWN;2010-11-02 18:35:09;2013-10-29 18:02:25;H-1B;2010-11-15 00:00:00;2013-11-14 00:00:00;NEC SPHERE COMMUNICATIONS, INC.;300 TRI-STATE INTERNATIONAL, SUITE 150;LINCOLNSHIRE;IL;60069;15-1031.00;Computer Software Engineers, Applications;SENIOR SOFTWARE ENGINEER;81598.0;82800.0;Year;Y;1.0;LINCOLNSHIRE;IL;81598.0;Year;OES;OFLC ONLINE DATA CENTER;2010.0;;;;;;;;334210.0
92;I-200-10085-662098;CERTIFIED-WITHDRAWN;2010-03-26 11:14:23;2014-01-03 14:25:37;H-1B;2010-09-24 00:00:00;2013-09-23 00:00:00;THE UNITED SOLUTIONS GROUP INC.;2 WISSAHICKON AVE;AMBLER;PA;19002;15-1032.00;Computer Software Engineers, Systems Software;SOFTWARE ENGINEER;66560.0;;Year;Y;1.0;AMBLER;PA;65291.0;Year;OES;OFLC ONLINE DATA CENTER;2010.0;COLUMBIA;SC;55099.0;Year;OES;OFLC ONLINE DATA CENTER;OFLC ONLINE DATA CENTER;541511.0
93;I-200-10090-643045;CERTIFIED-WITHDRAWN;2010-11-24 13:39:42;2013-11-14 21:27:00;H-1B;2010-12-06 00:00:00;2013-12-06 00:00:00;HITACHI DATA SYSTEMS CORPORATION;750 CENTRAL EXPRESSWAY;SANTA CLARA;CA;95050;15-1031.00;Computer Software Engineers, Applications;SOFTWARE DEVELOPMENT ENGINEER;82035.0;85000.0;Year;Y;1.0;SANTA CLARA;CA;82035.0;Year;OES;OFLC ONLINE DATA CENTER;2010.0;;;;;;;;541511.0
94;I-200-10090-752331;CERTIFIED;2014-04-14 16:09:42;2014-04-21 22:01:06;H-1B;2014-09-17 00:00:00;2017-09-16 00:00:00;KINGLAND SYSTEMS CORPORATION;1401 6TH AVE SOUTH;CLEAR LAKE;IA;50428;15-1121;Computer Systems Analysts;PROFESSIONAL SOLUTION ANALYST;59418.0;;Year;Y;1.0;CLEAR LAKE;IA;37523.0;Year;OES;OFLC ONLINE WAGE LIBRARY;2013.0;MINNEAPOLIS;MN;57970.0;Year;OES;OFLC ONLINE WAGE LIBRARY;OFLC ONLINE WAGE LIBRARY;541519.0
95;I-200-10102-762348;WITHDRAWN;2014-04-17 16:50:13;2014-04-24 09:30:37;H-1B;2010-09-20 00:00:00;2013-09-20 00:00:00;;;;;;17-2031.00;Biomedical Engineers;SR. RESEARCH ENGINEER;;;;Y;1.0;;;;;;;;;;;;;;;
96;I-200-10106-649313;CERTIFIED;2014-01-30 15:21:37;2014-02-06 09:18:24;H-1B;2014-06-01 00:00:00;2017-06-01 00:00:00;LHB, INC.;21 WEST SUPERIOR STREET;DULUTH;MN;55802;15-2011;Actuaries;ANALYST;20000.0;;Year;Y;1.0;VALENTINE;HI;20000.0;Year;OES;OFLC ONLINE WAGE LIBRARY;2014.0;;;;;;;;541330.0
97;I-200-10106-798993;CERTIFIED;2014-05-20 11:31:44;2014-05-27 22:00:40;H-1B;2014-10-01 00:00:00;2017-09-30 00:00:00;F.O. USA, INC.;410 COLUMBUS AVENUE;NEW YORK;NY;10024;19-3021.00;Market Research Analysts;MARKET RESEARCH ANALYSTS;29.62;;Hour;N;1.0;NEW YORK;NY;29.62;Hour;OES;OFLC ONLINE DATA CENTER;2014.0;;;;;;;;448130.0
98;I-200-10109-918237;CERTIFIED;2014-03-09 14:10:49;2014-03-13 22:04:04;H-1B;2014-09-07 00:00:00;2017-09-06 00:00:00;SMART FOLKS INC;44837 LAFAYETTE DR;NOVI;MI;48377;15-1132;Software Developers, Applications;SOFTWARE DEVELOPER;61755.0;;Year;Y;1.0;WESTMINSTER;CO;61755.0;Year;Other;OFLC ONLINE DATA CENTER;2013.0;;;;;;;;541511.0
99;I-200-10112-269752;CERTIFIED-WITHDRAWN;2012-03-16 10:23:58;2014-06-04 19:25:04;H-1B;2012-04-09 00:00:00;2015-04-08 00:00:00;MAGENIC TECHNOLOGIES, INC.;1600 UTICA AVENUE SOUTH;ST. LOUIS PARK;MN;55416;15-1132;Software Developers, Applications;SENIOR CONSULTANT;125000.0;;Year;Y;1.0;SAN FRANCISCO;CA;122200.0;Year;Other;OFLC ONLINE WAGE LIBRARY;2012.0;;;;;;;;541511.0
100;I-200-10117-226427;CERTIFIED;2014-04-30 19:27:26;2014-05-06 22:01:01;H-1B;2014-05-12 00:00:00;2017-05-12 00:00:00;JPMORGAN CHASE & CO.;10 SOUTH DEARBORN STREET;CHICAGO;IL;60603;11-9199;Managers, All Other;ASSISTANT VICE PRESIDENT AUDIT COMPLIANCE TECHNOLO;110000.0;;Year;Y;1.0;NEW YORK;NY;105726.0;Year;OES;OFLC ONLINE DATA CENTER;2013.0;;;;;;;;551112.0
101;I-200-10117-359404;CERTIFIED;2014-04-28 13:43:02;2014-05-02 22:01:06;H-1B;2014-05-05 00:00:00;2017-05-05 00:00:00;JPMORGAN CHASE & CO.;10 SOUTH DEARBORN STREET;CHICAGO;IL;60603;15-1132;Software Developers, Applications;SENIOR QUANTITATIVE DEVELOPER Â ;140000.0;;Year;Y;1.0;NEW YORK;NY;105789.0;Year;OES;OFLC ONLINE DATA CENTER;2013.0;;;;;;;;551112.0
102;I-200-10119-288408;CERTIFIED;2013-10-28 10:12:46;2013-11-01 22:00:36;H-1B;2014-01-06 00:00:00;2017-01-06 00:00:00;HEADSTRONG SERVICES LLC;11911 FREEDOM DRIVE;RESTON;VA;20190;15-1199;Computer Occupations, All Other;QA LEAD;62566.0;69197.0;Year;Y;1.0;JERSEY CITY;NJ;62566.0;Year;OES;OFLC ONLINE DATA CENTER;2013.0;NEW YORK;NY;62566.0;Year;OES;OFLC ONLINE DATA CENTER;OFLC ONLINE DATA CENTER;541611.0
103;I-200-10119-408004;CERTIFIED;2013-10-25 12:15:30;2013-11-01 22:00:36;H-1B;2013-11-04 00:00:00;2016-11-04 00:00:00;HEADSTRONG SERVICES LLC;11911 FREEDOM DRIVE;RESTON;VA;20190;15-1131;Computer Programmers;DEVELOPER;71677.0;100000.0;Year;Y;1.0;DUBLIN;OH;71677.0;Year;OES;OFLC ONLINE DATA CENTER;2013.0;;;;;;;;541611.0
104;I-200-10122-903079;DENIED;2014-03-28 18:48:48;2014-04-07 14:06:55;H-1B;2014-09-25 00:00:00;2017-09-25 00:00:00;INTERNATIONAL SOLUTIONS GROUP, INC.;1110 ELDEN STREET;HERNDON;VA;20170;13-1071;Human Resources Specialists;IT RECRUITER / HR SPECIALIST;50000.0;;Year;Y;1.0;HERNDON;VA;49566.0;Year;OES;;2014.0;;;;;;;;541511.0
105;I-200-10124-538196;CERTIFIED-WITHDRAWN;2014-03-06 15:17:08;2014-03-14 11:09:47;H-1B;2014-09-01 00:00:00;2017-09-01 00:00:00;RESCON, INC.;4526 CHELTENHAM DRIVE;BETHESDA;MD;20814;15-1132;Software Developers, Applications;TPF APPLICATIONS DEVELOPER;85000.0;;Year;Y;1.0;BETHESDA;MD;71718.0;Year;OES;OFLC ONLINE DATA CENTER;2013.0;;;;;;;;541519.0
106;I-200-10124-984110;CERTIFIED;2014-03-11 16:53:04;2014-03-17 22:05:09;H-1B;2014-09-10 00:00:00;2017-09-10 00:00:00;THE RUSSIAN SCHOOL OF MATHEMATICS, INC;200 WELLS AVENUE;NEWTON;MA;02459;15-1133;Software Developers, Systems Software;SOFTWARE ENGINEER;85000.0;;Year;Y;1.0;NEWTON;MA;75920.0;Year;Other;OFLC ONLINE DATA CENTER;2013.0;;;;;;;;6116.0
107;I-200-10125-275047;CERTIFIED-WITHDRAWN;2011-10-11 15:52:17;2013-11-12 17:18:32;H-1B;2011-10-14 00:00:00;2014-10-13 00:00:00;ZYNGA INC.;444 DE HARO STREET;SAN FRANCISCO;CA;94107;15-1121;Computer Systems Analysts;ASSOCIATE SYSTEMS ADMINISTRATOR;63107.0;90000.0;Year;Y;1.0;SAN FRANCISCO;CA;63107.0;Year;OES;OFLC ONLINE DATA CENTER;2011.0;SAN FRANCISCO;CA;63107.0;Year;OES;OFLC ONLINE DATA CENTER;OFLC ONLINE DATA CENTER;516110.0
108;I-200-10125-596267;CERTIFIED-WITHDRAWN;2013-07-15 15:39:54;2013-10-30 09:27:11;H-1B;2013-07-15 00:00:00;2016-07-14 00:00:00;ICONSOFT INC.;101 CAMBRIDGE STREET;BURLINGTON;MA;01803;15-1132;Software Developers, Applications;SOFTWARE ENGINEER;80000.0;;Year;Y;1.0;ST. LOUIS;MO;76128.0;Year;Other;FLC DATA CENTER ONLINE WAGE LIBRARY;2013.0;;;;;;;;541511.0
109;I-200-10126-175157;CERTIFIED;2014-07-21 10:28:29;2014-07-25 22:01:09;H-1B;2014-07-21 00:00:00;2017-07-20 00:00:00;UNIFIED BUSINESS TECHNOLOGIES, INC;353 INDUSCO CT;TROY;MI;48083;15-1121;Computer Systems Analysts;PROGRAMMER ANALYST;60000.0;;Year;Y;1.0;CHICAGO;IL;55245.0;Year;OES;OFLC ONLINE DATA CENTER;2014.0;;;;;;;;541519.0
110;I-200-10127-239757;CERTIFIED-WITHDRAWN;2014-03-06 15:06:18;2014-03-14 11:06:57;H-1B;2014-09-01 00:00:00;2017-09-01 00:00:00;RESCON, INC.;4526 CHELTENHAM DRIVE;BETHESDA;MD;20814;15-1132;Software Developers, Applications;TPF APPLICATIONS DEVELOPER;85000.0;;Year;Y;1.0;BETHESDA;MD;71718.0;Year;OES;OFLC ONLINE DATA CENTER;2013.0;;;;;;;;541519.0
111;I-200-10134-474788;CERTIFIED-WITHDRAWN;2014-03-06 15:11:38;2014-03-14 11:08:04;H-1B;2014-09-01 00:00:00;2017-09-01 00:00:00;RESCON, INC.;4526 CHELTENHAM DRIVE;BETHESDA;MD;20814;15-1132;Software Developers, Applications;SENIOR TPF APPLICATIONS DEVELOPER/TECHNICAL LEAD;100000.0;;Year;Y;1.0;BETHESDA;MD;87006.0;Year;OES;OFLC ONLINE DATA CENTER;2013.0;;;;;;;;541519.0
112;I-200-10138-299218;CERTIFIED-WITHDRAWN;2010-05-18 14:28:12;2014-04-18 12:45:46;H-1B;2010-05-24 00:00:00;2013-05-23 00:00:00;CENTAURUS TECHNOLOGY PARTNERS, LLC;5005 W.ROYAL LANE;IRVING;TX;75063;15-1052.00;Computer Systems Analysts, Non R&D (ACWIA Only);SYSTEM ANALYST;60944.0;;Year;Y;1.0;JERSEY CITY;NJ;60944.0;Year;OES;OFLC ONLINE DATA CENTER;2010.0;;;;;;;;54151.0
113;I-200-10138-698917;CERTIFIED-WITHDRAWN;2010-06-05 15:29:33;2013-10-31 17:33:30;H-1B;2010-12-01 00:00:00;2013-11-30 00:00:00;OREGON STATE UNIVERSITY;OFFICE OF INTERNATIONAL PROGRAMS;CORVALLIS;OR;97331;25-1071.00;Health Specialties Teachers, Postsecondary;ASSISTANT PROFESSOR;52.57;;Hour;N;1.0;CORVALLIS;OR;29.4;Hour;OES;OFLC ONLINE DATA CENTER;2009.0;;;;;;;;611310.0
114;I-200-10140-961035;CERTIFIED;2014-03-11 12:42:57;2014-03-17 22:06:01;H-1B;2014-09-09 00:00:00;2017-09-08 00:00:00;ARNAMY, INC.;3050 HIGHLAND OAKS TERRACE;TALLAHASSEE;FL;32301;15-1132;Software Developers, Applications;PROGRAMMER ANALYST;48000.0;;Year;Y;1.0;TALLAHASSEE;FL;45448.0;Year;OES;OFLC ONLINE DATA CENTER;2013.0;;;;;;;;541511.0
115;I-200-10144-104616;CERTIFIED-WITHDRAWN;2010-12-15 17:22:13;2014-03-19 09:17:13;H-1B;2011-05-01 00:00:00;2014-04-30 00:00:00;ROCHESTER INSTITUTE OF TECHNOLOGY;8 LOMB MEMORIAL DRIVE;ROCHESTER;NY;14623;25-1011.00;Business Teachers, Postsecondary;ASSISTANT PROFESSOR;115000.0;125000.0;Year;Y;1.0;ROCHESTER;NY;54330.0;Year;OES;OFLC ONLINE DATA CENTER;2010.0;;;;;;;;611310.0
116;I-200-10144-336913;CERTIFIED;2014-06-16 12:39:40;2014-06-20 21:09:44;H-1B;2014-08-01 00:00:00;2017-07-31 00:00:00;UNIVERSITY OF MINNESOTA;516 - 15TH AVENUE SOUTHEAST;MINNEAPOLIS;MN;55455;25-1199;Postsecondary Teachers, All Other;INSTRUCTOR/ASSOCIATE HEAD COACH;44723.0;;Year;Y;1.0;MINNEAPOLIS;MN;44723.0;Year;OES;OFLC ONLINE DATA CENTER;2013.0;;;;;;;;611310.0
117;I-200-10144-937597;CERTIFIED-WITHDRAWN;2010-08-23 14:57:28;2013-11-15 14:21:25;H-1B;2011-01-01 00:00:00;2013-12-31 00:00:00;NEA CONSULTING, INC.;12 ROSZEL ROAD;PRINCETON;NJ;08540;15-1051.00;Computer Systems Analysts;PROGRAMMER ANALYST;66840.0;;Year;Y;1.0;MELVILLE;NY;54122.0;Year;OES;OFLC ONLINE DATA CENTER;2010.0;;;;;;;;541511.0
118;I-200-10146-697955;WITHDRAWN;2014-01-28 09:13:03;2014-01-28 09:13:29;H-1B;2010-12-01 00:00:00;2013-12-01 00:00:00;;;;;;17-2072.00;Electronics Engineers, Except Computer;SR. DESIGN ENGINEER;;;;Y;1.0;;;;;;;;;;;;;;;
119;I-200-10148-753722;CERTIFIED-WITHDRAWN;2011-08-17 10:34:29;2014-06-16 15:44:44;H-1B;2011-10-01 00:00:00;2014-09-30 00:00:00;NETUITIVE, INC.;12700 SUNRISE VALLEY DRIVE;RESTON;VA;20191;15-1799;Computer Occupations, All Other;QUALITY ASSURANCE ENGINEER;70000.0;;Year;Y;1.0;RESTON;VA;62600.0;Year;Other;TOWERS WATSON PROFESSIONAL SPECIALIZED SERVICES PERSONNEL COMPENSATION;2010.0;;;;;;;;541511.0
120;I-200-10148-837318;CERTIFIED;2014-04-29 14:08:01;2014-05-05 22:01:44;H-1B;2014-06-21 00:00:00;2017-06-21 00:00:00;CCH INCORPORATED;2700 LAKE COOK ROAD;RIVERWOODS;IL;60015;15-1133;Software Developers, Systems Software;APPLICATIONS DEVELOPER II;81474.0;107300.0;Year;Y;1.0;KENNESAW;GA;81474.0;Year;OES;OFLC ONLINE DATA CENTER;2013.0;;;;;;;;511210.0
121;I-200-10153-471167;CERTIFIED-WITHDRAWN;2010-06-02 09:39:13;2013-11-20 14:02:27;H-1B;2010-12-01 00:00:00;2013-11-30 00:00:00;INDIANA UNIV. PURDUE UNIV. INDIANAPOLIS;C/O OFF. OF INTL AFFAIRS;INDIANAPOLIS;IN;46202;19-1029.00;Biological Scientists, All Other;POSTDOCTORAL RESEARCH ASSOCIATE;38620.0;;Year;Y;1.0;GARY;IN;33405.0;Year;OES;;2010.0;;;;;;;;611310.0
122;I-200-10155-704164;CERTIFIED-WITHDRAWN;2010-06-04 20:45:25;2013-10-18 17:23:52;H-1B;2010-12-04 00:00:00;2013-12-03 00:00:00;JAPAN BUSINESS SYSTEMS TECHNOLOGY;1899 WESTERN WAY;TORRANCE;CA;90501;27-3041.00;Editors;PROPOSAL EDITOR;33758.0;;Year;Y;1.0;TORRANCE;CA;33758.0;Year;OES;OFLC ONLINE DATA CENTER;2009.0;;;;;;;;519190.0
123;I-200-10162-700708;CERTIFIED;2014-05-22 17:59:38;2014-05-29 22:00:33;H-1B;2014-06-29 00:00:00;2017-06-29 00:00:00;HEALTH LANGUAGE, INC.;2700 LAKE COOK ROAD;RIVERWOODS;IL;60015;17-2031;Biomedical Engineers;SENIOR PRODUCT SUPPORT CONSULTANT;72530.0;143948.12;Year;Y;1.0;DENVER;CO;72530.0;Year;OES;OFLC ONLINE DATA CENTER;2013.0;;;;;;;;5417.0
124;I-200-10162-830147;CERTIFIED;2014-06-09 12:39:37;2014-06-14 21:09:44;H-1B;2014-06-22 00:00:00;2017-06-21 00:00:00;CCH INCORPORATED;2700 LAKE COOK ROAD;RIVERWOODS;IL;60015;15-1132;Software Developers, Applications;APPLICATIONS DEVELOPER III;69659.0;94512.81;Year;Y;1.0;IOWA CITY;IA;69659.0;Year;OES;OFLC ONLINE DATA CENTER;2013.0;;;;;;;;511210.0
125;I-200-10165-369746;WITHDRAWN;2014-01-28 09:15:18;2014-01-28 09:15:42;H-1B;2010-12-02 00:00:00;2013-12-01 00:00:00;ADVANCED MICRO DEVICES, INC.;ONE AMD PLACE;SUNNYVALE;CA;94088;17-2072.00;Electronics Engineers, Except Computer;SENIOR DESIGN ENGINEER;91187.0;130174.0;Year;Y;1.0;SUNNYVALE;CA;91187.0;Year;OES;OFLC ONLINE DATA CENTER;2009.0;;;;;;;;54151.0
126;I-200-10165-690070;CERTIFIED-WITHDRAWN;2014-08-18 15:00:09;2014-09-23 15:24:20;H-1B;2014-09-01 00:00:00;2015-08-31 00:00:00;JOHNS HOPKINS UNIVERSITY;1620 MCELDERRY STREET;BALTIMORE;MD;21205;19-1021;Biochemists and Biophysicists;RESEARCH ASSOCIATE;63900.0;;Year;Y;1.0;BALTIMORE;MD;35464.0;Year;Other;OFLC ONLINE DATA CENTER;2014.0;;;;;;;;611310.0
127;I-200-10165-740671;CERTIFIED-WITHDRAWN;2011-07-21 18:12:00;2014-04-08 18:02:08;H-1B;2011-08-01 00:00:00;2014-08-01 00:00:00;THE J. DAVID GLADSTONE INSTITUTES;1650 OWENS STREET;SAN FRANCISCO;CA;94158;19-1029;Biological Scientists, All Other;BIOINFORMATICS FELLOW;48200.0;57900.0;Year;Y;1.0;SAN FRANCISCO;CA;46155.0;Year;OES;OFLC ONLINE DATA CENTER;2011.0;;;;;;;;541711.0
128;I-200-10165-753565;WITHDRAWN;2014-01-28 09:14:15;2014-01-28 09:14:42;H-1B;2010-11-18 00:00:00;2013-11-17 00:00:00;ADVANCED MICRO DEVICES, INC.;ONE AMD PLACE;SUNNYVALE;CA;94088;17-2072.00;Electronics Engineers, Except Computer;SENIOR PRODUCT DEVELOPMENT ENGINEER;66123.0;95469.0;Year;Y;1.0;AUSTIN;TX;66123.0;Year;OES;OFLC ONLINE DATA CENTER;2009.0;;;;;;;;54151.0
129;I-200-10169-578863;CERTIFIED;2013-09-30 16:48:19;2013-10-22 22:00:38;H-1B;2013-12-14 00:00:00;2016-12-13 00:00:00;STATOIL US HOLDINGS INC.;120 LONG RIDGE ROAD;STAMFORD;CT;06902;13-2051;Financial Analysts;SENIOR INVESTMENT ANALYST;160000.0;;Year;Y;1.0;STAMFORD;CT;124342.0;Year;OES;OFLC ONLINE DATA CENTER;2013.0;;;;;;;;213112.0
130;I-200-10173-792925;CERTIFIED-WITHDRAWN;2013-04-09 13:27:55;2014-09-18 19:47:27;H-1B;2013-08-16 00:00:00;2016-08-15 00:00:00;WASHINGTON STATE UNIVERSITY;WASHINGTON STATE UNIV., INT'L PROGS-GLOBAL SERVICE;PULLMAN;WA;99164-5110;25-1032;Engineering Teachers, Postsecondary;ASSISTANT PROFESSOR;71000.0;;Year;Y;1.0;VANCOUVER;WA;61530.0;Year;OES;OFLC ONLINE DATA CENTER;2012.0;;;;;;;;611310.0
131;I-200-10180-099734;CERTIFIED-WITHDRAWN;2010-06-29 14:07:47;2013-10-24 12:39:52;H-1B;2010-12-13 00:00:00;2013-12-12 00:00:00;ADVENT GLOBAL SOLUTIONS INC.;12777 JONES ROAD;HOUSTON;TX;77070;15-1051.00;Computer Systems Analysts;SYSTEMS ANALYST;60000.0;;Year;Y;1.0;HOUSTON;TX;47362.0;Year;Other;'OFLC ONLINE DATA CENTER';2009.0;MENOMONEE FALLS;WI;47466.0;Year;Other;'OFLC ONLINE DATA CENTER';'OFLC ONLINE DATA CENTER';541511.0
132;I-200-10180-484953;CERTIFIED-WITHDRAWN;2013-08-02 11:34:48;2014-05-06 10:32:50;H-1B;2013-08-02 00:00:00;2016-08-01 00:00:00;INTONE NETWORKS INC.;10 AUSTIN AVENUE;ISELIN;NJ;08830;15-1131;Computer Programmers;CLINICAL STATISTICAL PROGRAMMER;60000.0;;Year;Y;1.0;WAYNE;PA;50045.0;Year;Other;FLC DATA CENTER ONLINE WAGE LIBRARY;2013.0;;;;;;;;541519.0
133;I-200-10183-037245;CERTIFIED;2014-09-02 14:13:18;2014-09-08 22:01:08;H-1B;2015-02-01 00:00:00;2016-01-31 00:00:00;THE JOHNS HOPKINS UNIVERSITY;1620 MCELDERRY STREET;BALTIMORE;MD;21205;19-1029;Biological Scientists, All Other;POSTDOCTORAL RESEARCH FELLOW;52466.0;;Year;Y;1.0;BALTIMORE;MD;44824.0;Year;Other;OFLC ONLINE DATA CENTER;2014.0;;;;;;;;611310.0
134;I-200-10187-154992;CERTIFIED;2013-10-18 15:22:06;2013-10-26 22:01:47;H-1B;2013-11-01 00:00:00;2016-10-31 00:00:00;BLUECROSS BLUESHIELD OF TENNESSEE;1 CAMERON HILL CIRCLE;CHATTANOOGA;TN;37402;15-1132;Software Developers, Applications;REPORTING SOLUTIONS CONSULTANT II;85466.0;115480.0;Year;Y;1.0;CHATTANOOGA;TN;85446.0;Year;OES;OFLC ONLINE DATA CENTER;2013.0;;;;;;;;524114.0
135;I-200-10187-268419;CERTIFIED-WITHDRAWN;2010-07-06 14:27:56;2013-11-25 14:32:17;H-1B;2010-12-01 00:00:00;2013-11-30 00:00:00;CHILDREN'S HOSPITAL CORPORATION;300 LONGWOOD AVENUE;BOSTON;MA;02115;19-1042.00;Medical Scientists, Except Epidemiologists;POST-DOCTORAL RESEARCH FELLOW;42298.0;;Year;Y;1.0;BOSTON;MA;39229.0;Year;OES;OFLC ONLINE DATA CENTER;2010.0;;;;;;;;622310.0
136;I-200-10187-668549;CERTIFIED;2014-01-10 15:45:33;2014-01-16 22:00:09;H-1B;2014-01-17 00:00:00;2017-01-16 00:00:00;JOHNSONVILLE SAUSAGE, LLC;N6928 JOHNSONVILLE WAY;SHEBOYGAN FALLS;WI;53085;13-1111;Management Analysts;STRATEGIC INSIGHTS & ANALYTICS ANALYST;62500.0;;Year;Y;1.0;SHEBOYGAN FALLS;WI;59134.0;Year;OES;OFLC ONLINE DATA CENTER;2013.0;;;;;;;;311615.0
137;I-200-10193-859176;WITHDRAWN;2010-07-12 14:47:51;2013-12-31 10:40:34;H-1B;2011-01-01 00:00:00;2013-12-31 00:00:00;THE UNIVERSITY OF TEXAS HEALTH SCIENCE CENTER AT H;7000 FANNIN STREET , SUITE  # 130;HOUSTON;TX;77030;19-1042.00;Medical Scientists, Except Epidemiologists;POSTDOCTORAL FELLOW;44304.0;;Year;Y;1.0;HOUSTON;TX;33155.0;Year;OES;;2010.0;;;;;;;;611310.0
138;I-200-10195-858885;CERTIFIED-WITHDRAWN;2010-07-27 10:53:39;2013-11-12 14:48:36;H-1B;2011-01-10 00:00:00;2014-01-10 00:00:00;SIEMENS MEDICAL SOLUTIONS USA, INC.;2501 NORTH BARRINGTON RD.;HOFFMAN ESTATES;IL;60192;15-1031.00;Computer Software Engineers, Applications;SOFTWARE ENGINEER 1;56000.0;;Year;Y;1.0;KNOXVILLE;TN;47674.0;Year;OES;OFLC ONLINE DATA CENTER;2010.0;;;;;;;;33911.0
139;I-200-10196-418201;CERTIFIED-WITHDRAWN;2010-07-26 17:14:51;2013-10-30 10:42:44;H-1B;2011-01-14 00:00:00;2014-01-14 00:00:00;UNITED AIRLINES, INC.;1200 E. ALGONQUIN ROAD;ELK GROVE VILLAGE;IL;60007;15-2031.00;Operations Research Analysts;LEAD PROGRAMMER ANALYST;81156.0;;Year;Y;1.0;ELK  GROVE VILLAGE;IL;60258.0;Year;OES;OFLC ONLINE DATA CENTER;2010.0;CHICAGO;IL;60258.0;Year;OES;OFLC ONLINE DATA CENTER;OFLC ONLINE DATA CENTER;481000.0
140;I-200-10196-639066;CERTIFIED;2013-10-18 10:50:06;2013-10-26 22:01:31;H-1B;2013-10-18 00:00:00;2016-10-01 00:00:00;HEADSTRONG SERVICES LLC;11911 FREEDOM DRIVE;RESTON;VA;20190;15-1199;Computer Occupations, All Other;QA LEAD;60000.0;66000.0;Year;Y;1.0;CHICAGO;IL;59738.0;Year;OES;OFLC ONLINE DATA CENTER;2013.0;CHICAGO;IL;59738.0;Year;OES;OFLC ONLINE DATA CENTER;OFLC ONLINE DATA CENTER;541611.0
141;I-200-10196-823143;CERTIFIED-WITHDRAWN;2012-09-13 16:24:17;2014-05-07 08:03:49;H-1B;2012-09-17 00:00:00;2015-09-16 00:00:00;MYLAN SPECIALTY L.P.;110 ALLEN ROAD;BASKING RIDGE;NJ;07920;15-1799;Computer Occupations, All Other;ASSOCIATE MANAGER, BUSINESS INTELLIGENCE & SAS ANA;95000.0;;Year;Y;1.0;BASKING RIDGE;NJ;79768.0;Year;OES;OFLC ONLINE DATA CENTER;2012.0;;;;;;;;325412.0
142;I-200-10200-339052;CERTIFIED-WITHDRAWN;2010-07-19 13:43:18;2013-11-01 15:00:20;H-1B;2010-12-01 00:00:00;2013-11-30 00:00:00;NEW YORK UNIVERSITY SCHOOL OF MEDICINE;550 FIRST AVENUE;NEW YORK;NY;10016;19-1021.00;Biochemists and Biophysicists;POSTDOCTORAL FELLOW;34154.0;;Year;Y;1.0;NEW YORK;NY;34154.0;Year;OES;;2010.0;;;;;;;;611310.0
143;I-200-10200-537377;CERTIFIED-WITHDRAWN;2010-07-28 16:55:24;2013-10-22 22:51:38;H-1B;2011-01-19 00:00:00;2014-01-19 00:00:00;ACS TRANSPORT SOLUTIONS, INC.;2828 NORTH HASKELL AVENUE;DALLAS;TX;75204;15-1031.00;Computer Software Engineers, Applications;PROJECT MANAGER;100303.01;;Year;Y;1.0;SOMERSET;NJ;89024.0;Year;OES;OFLC ONLINE DATA CENTER;2010.0;;;;;;;;541512.0
144;I-200-10200-577272;CERTIFIED-WITHDRAWN;2010-11-15 17:38:43;2013-11-13 13:41:15;H-1B;2010-11-23 00:00:00;2013-11-23 00:00:00;HEADSTRONG SERVICES LLC;4035 RIDGE TOP ROAD;FAIRFAX;VA;22030;15-1021.00;Computer Programmers;CONSULTANT;80000.0;;Year;Y;1.0;NEW YORK;NY;65582.0;Year;OES;OFLC ONLINE DATA CENTER;2010.0;;;;;;;;541611.0
145;I-200-10203-283246;WITHDRAWN;2010-07-22 12:44:47;2013-12-19 17:19:47;H-1B;2011-01-01 00:00:00;2013-12-31 00:00:00;THE SCRIPPS RESEARCH INSTITUTE;10550 NORTH TORREY PINES ROAD TCP18;LA JOLLA;CA;92037;19-1021.00;Biochemists and Biophysicists;RESEARCH ASSOCIATE;38396.0;;Year;Y;1.0;LA JOLLA;CA;35838.0;Year;OES;OFLC ONLINE DATA CENTER;2010.0;;;;;;;;54171.0
146;I-200-10203-515386;CERTIFIED-WITHDRAWN;2010-11-15 13:06:20;2013-11-05 15:17:10;H-1B;2011-04-25 00:00:00;2014-04-24 00:00:00;TENDERLOIN NEIGHBORHOOD DEVELOPMENT CORPORATION;201 EDDY STREET;SAN FRANCISCO;CA;94102;21-1021.00;Child, Family, and School Social Workers;SOCIAL WORKER II;36379.0;41500.0;Year;Y;1.0;SAN FRANCISCO;CA;36379.0;Year;OES;OFLC ONLINE DATA CENTER;2010.0;;;;;;;;624190.0
147;I-200-10207-164694;CERTIFIED-WITHDRAWN;2011-11-23 15:45:45;2013-12-06 17:35:53;H-1B;2011-11-30 00:00:00;2014-11-29 00:00:00;M.C. DEAN, INC.;22461 SHAW ROAD;DULLES;VA;20166;17-3023;Electrical and Electronics Engineering Technicians;ELECTRICAL SUPERVISOR;33.79;;Hour;Y;1.0;MCLEAN;VA;33.79;Hour;OES;OFLC ONLINE DATA CENTER;2011.0;WASHINGTON;DC;33.79;Hour;OES;OFLC ONLINE DATA CENTER;OFLC ONLINE DATA CENTER;541330.0
148;I-200-10211-962822;CERTIFIED;2013-10-18 13:32:24;2013-11-01 22:02:57;H-1B;2013-10-21 00:00:00;2016-10-21 00:00:00;SOUTHERN MEDICAL PARTNERS LLC;1300 RIVERPLACE BLVD.;JACKSONVILLE;FL;32207;29-1069;Physicians and Surgeons, All Other;EMERGENCY MEDICINE PHYSICIAN;125.0;175.0;Hour;N;1.0;SOUTH WILLIAMSON;KY;90.31;Hour;Other;BUREAU OF LABOR STATISTICS;2012.0;;;;;;;;62111.0
149;I-200-10214-239270;CERTIFIED-WITHDRAWN;2010-08-20 14:07:41;2013-11-19 12:18:22;H-1B;2011-01-10 00:00:00;2014-01-09 00:00:00;UNIVERSITY OF COLORADO;1380 LAWRENCE STREET, 932;DENVER;CO;80217;19-1029.99;Biological Scientists, All Other;POST-DOCTORAL FELLOW;37740.0;;Year;Y;1.0;AURORA;CO;33613.0;Year;OES;OFLC ONLINE DATA CENTER;2010.0;;;;;;;;611310.0
150;I-200-10214-828624;CERTIFIED-WITHDRAWN;2010-08-02 17:12:10;2013-10-31 12:09:47;H-1B;2011-01-03 00:00:00;2014-01-02 00:00:00;POPULATION SERVICES INTERNATIONAL;1120 19TH STREET NW;WASHINGTON;DC;20036;13-2051.00;Financial Analysts;FINANCIAL ANALYST;59743.0;;Year;Y;1.0;WASHINGTON;DC;53394.0;Year;OES;OFLC ONLINE DATA CENTER;2010.0;;;;;;;;813319.0
151;I-200-10216-217068;CERTIFIED-WITHDRAWN;2010-08-06 10:44:31;2013-12-18 11:16:29;H-1B;2011-01-30 00:00:00;2014-01-29 00:00:00;ERICSSON INC.;6300 LEGACY DRIVE, R1-C10;PLANO;TX;75024;15-1071.00;Network and Computer Systems Administrators;ENGINEER - SERVICES RF;52416.0;70846.0;Year;Y;1.0;PLANO;TX;52416.0;Year;OES;OFLC ONLINE DATA CENTER;2010.0;;;;;;;;334220.0
152;I-200-10217-059051;CERTIFIED-WITHDRAWN;2010-08-05 22:56:13;2013-11-14 14:41:53;H-1B;2010-10-01 00:00:00;2013-10-01 00:00:00;TORO CAPITAL MANAGEMENT LLC;440 SOUTH LASALLE;CHICAGO;IL;60605;13-2051.00;Financial Analysts;FINANCIAL ANALYST, DERIVATIVES TRADER;60000.0;;Year;Y;1.0;CHICAGO;IL;49067.0;Year;OES;OFCL ONLINE DATA CENTER;2010.0;;;;;;;;523110.0
153;I-200-10217-803177;CERTIFIED-WITHDRAWN;2010-08-05 10:37:25;2014-02-02 21:19:52;H-1B;2010-10-02 00:00:00;2013-09-26 00:00:00;REVISION TECHNOLOGIES INC;30 RICHARD ROAD;EDISON;NJ;08820;15-1071.00;Network and Computer Systems Administrators;NETWORK AND COMPUTER SYSTEMS ADMINISTRATORS;60000.0;65000.0;Year;Y;1.0;EDISON;NJ;53560.0;Year;Other;OFLC ONLINE DATA CENTER;2010.0;;;;;;;;541511.0
154;I-200-10218-146972;WITHDRAWN;2010-08-06 12:54:27;2014-07-22 15:23:23;H-1B;2010-08-10 00:00:00;2013-08-09 00:00:00;UBS AG;677 WASHINGTON BOULEVARD;STAMFORD;CT;06901;15-1031.00;Computer Software Engineers, Applications;ASSOCIATE DIRECTOR, SENIOR C++ DEVELOPER / FRONT O;113922.0;115000.0;Year;Y;1.0;STAMFORD;CT;113922.0;Year;OES;OFLC ONLINE DATA CENTER;2010.0;;;;;;;;523110.0
155;I-200-10222-895570;CERTIFIED-WITHDRAWN;2010-08-10 15:47:20;2013-11-04 18:02:34;H-1B;2011-01-20 00:00:00;2014-01-19 00:00:00;MAGNUM SEMICONDUCTOR, INC.;591 YOSEMITE DR.;MILPITAS;CA;95035;17-2072.00;Electronics Engineers, Except Computer;HARDWARE VERIFICATION ENGINEER;84000.0;;Year;Y;1.0;MILPITAS;CA;84000.0;Year;Other;AON CORPORATION RADFORD US BENCHMARK SURVEY;2010.0;;;;;;;;334400.0
156;I-200-10223-270648;CERTIFIED-WITHDRAWN;2010-08-17 13:57:14;2013-12-03 15:36:32;H-1B;2011-02-01 00:00:00;2014-02-01 00:00:00;T-MOBILE USA, INC.;12920 SE 38TH STREET;BELLEVUE;WA;98006;17-2072.00;Electronics Engineers, Except Computer;ENGINEER, RADIO FREQUENCY DEPLOYMENT;78603.0;80013.44;Year;Y;1.0;SACRAMENTO;CA;78603.0;Year;OES;OFLC ONLINE DATA CENTER;2010.0;;;;;;;;517212.0
157;I-200-10225-712446;CERTIFIED-WITHDRAWN;2014-03-10 14:43:28;2014-06-27 10:20:24;H-1B;2014-09-01 00:00:00;2017-09-01 00:00:00;CITRON PHARMA, LLC;2 TOWER CENTER BLVD.;EAST BRUNSWICK;NJ;08816;15-1121;Computer Systems Analysts;BUSINESS SYSTEMS ANALYST;70000.0;;Year;Y;1.0;EAST BRUNSWICK;NJ;62442.0;Year;OES;OFLC ONLINE DATA CENTER;2013.0;;;;;;;;424210.0
158;I-200-10228-361342;WITHDRAWN;2010-09-07 15:39:06;2013-12-30 14:55:22;H-1B;2011-03-01 00:00:00;2014-03-01 00:00:00;HARTFORD FIRE INSURANCE COMPANY;ONE HARTFORD PLAZA;HARTFORD;CT;06115;15-2011.00;Actuaries;SENIOR ACTUARIAL ANALYST;64397.0;82000.0;Year;Y;1.0;SIMSBURY;CT;64396.8;Year;OES;OFLC ONLINE DATA CENTER;2010.0;;;;;;;;524126.0
159;I-200-10228-828212;CERTIFIED;2014-09-02 13:57:32;2014-09-08 22:01:07;H-1B;2015-01-15 00:00:00;2018-01-14 00:00:00;THE JOHNS HOPKINS UNIVERSITY;1620 MCELDERRY STREET;BALTIMORE;MD;21205;19-4021;Biological Technicians;RESEARCH TECHNOLOGIST;28320.0;;Year;Y;1.0;BALTIMORE;MD;27768.0;Year;Other;OFLC ONLINE DATA CENTER;2014.0;;;;;;;;611310.0
160;I-200-10236-626651;WITHDRAWN;2010-08-25 11:47:10;2013-12-17 16:15:12;H-1B;2010-10-01 00:00:00;2013-09-30 00:00:00;BROADCOM CORPORATION;5300 CALIFORNIA AVE.;IRVINE;CA;92617;15-1031.00;Computer Software Engineers, Applications;ENGINEER, STAFF I - FIRMWARE;79100.0;;Year;Y;1.0;SAN DIEGO;CA;77418.0;Year;OES;OFLC ONLINE DATA CENTER;2010.0;;;;;;;;334413.0
161;I-200-10236-701026;CERTIFIED-WITHDRAWN;2011-03-16 17:42:29;2014-02-28 17:24:28;H-1B;2011-09-01 00:00:00;2014-08-31 00:00:00;BOSTON VA RESEARCH INSTITUTE, INC.;150 S. HUNTINGTON AVENUE, 151B;BOSTON;MA;02130;19-3031.02;Clinical Psychologists;POSTDOCTORAL FELLOW IN PTSD;64013.0;;Year;Y;1.0;BOSTON;MA;56805.0;Year;OES;OFLC ONLINE DATA CENTER;2010.0;;;;;;;;813212.0
162;I-200-10237-710229;CERTIFIED-WITHDRAWN;2010-09-22 15:35:27;2013-11-04 18:34:58;H-1B;2011-01-20 00:00:00;2014-01-19 00:00:00;DREAMWORKS ANIMATION LLC;1000 FLOWER ST.;GLENDALE;CA;91201;27-1014.00;Multi-Media Artists and Animators;ANIMATOR;111920.64;;Year;Y;1.0;GLENDALE;CA;43618.0;Year;OES;OFLC ONLINE DATA CENTER;2010.0;;;;;;;;512110.0
163;I-200-10239-592989;CERTIFIED-WITHDRAWN;2010-09-02 18:05:37;2013-10-31 11:12:30;H-1B;2011-02-01 00:00:00;2014-01-31 00:00:00;JOHNSON CONTROLS, INC.;5757 N. GREEN BAY AVE.;MILWAUKEE;WI;53209;15-1032.00;Computer Software Engineers, Systems Software;PRINCIPAL ENGINEER/TECHNOLOGIST;81266.0;102703.0;Year;Y;1.0;MILWAUKEE;WI;81266.0;Year;OES;OFLC ONLINE DATA CENTER;2010.0;;;;;;;;333415.0
164;I-200-10239-643335;CERTIFIED-WITHDRAWN;2010-09-08 18:53:20;2013-10-22 10:30:13;H-1B;2011-02-21 00:00:00;2014-02-20 00:00:00;FEDERAL HOME LOAN MORTGAGE CORPORATION;8250 JONES BRANCH DRIVE;MCLEAN;VA;22102;15-1021;;DEVELOPMENT, PROFESSIONAL;66600.0;110000.0;Year;Y;1.0;MCLEAN;VA;55432.0;Year;OES;OFLC WAGE DATA SURVEY;2010.0;HERNDON;VA;55432.0;Year;OES;OFLC WAGE DATA SURVEY;OFLC WAGE DATA SURVEY;522294.0
165;I-200-10239-739818;CERTIFIED;2014-03-07 14:40:01;2014-03-13 22:03:17;H-1B;2014-06-30 00:00:00;2017-06-29 00:00:00;1199 NATIONAL BENEFIT FUND FOR HEALTH AND HUMAN SE;330 WEST 42ND STREET;NEW YORK;NY;10036;11-3021;Computer and Information Systems Managers;SR. MANAGER;108240.0;;Year;Y;1.0;NEW YORK;MD;99000.0;Year;Other;US MBD: MERCER BENCHMARK DATABASE SURVEY;2013.0;;;;;;;;525110.0
166;I-200-10239-912850;CERTIFIED;2014-04-02 15:21:59;2014-04-09 22:02:33;H-1B;2014-04-17 00:00:00;2017-04-16 00:00:00;VISUAL GRAPHIC SYSTEMS, INC.;330 WASHINGTON AVE.;CARLSTADT;NJ;07072;15-1121;Computer Systems Analysts;COMPUTER SUPPORT SPECIALIST;70000.0;;Year;Y;1.0;CARLSTADT;NJ;60362.0;Year;OES;OFLC ONLINE DATA CENTER;2013.0;;;;;;;;339950.0
167;I-200-10242-894732;CERTIFIED-WITHDRAWN;2010-09-13 13:00:34;2013-11-19 14:01:08;H-1B;2011-01-06 00:00:00;2014-01-06 00:00:00;T-MOBILE USA, INC.;12920 SE 38TH STREET;BELLEVUE;WA;98006;15-1031.00;Computer Software Engineers, Applications;DEVELOPER 4, SOFTWARE;107640.0;108150.0;Year;Y;1.0;BOTHELL;WA;107640.0;Year;OES;OFLC ONLINE DATA CENTER;2010.0;;;;;;;;517212.0
168;I-200-10242-915466;CERTIFIED-WITHDRAWN;2010-08-30 09:45:37;2013-12-03 12:00:04;H-1B;2011-01-01 00:00:00;2013-12-31 00:00:00;RESEARCH FOUNDATION OF THE STATE UNIVERSITY OF NEW;2401 COMPUTER SCIENCE BUILDING;STONY BROOK;NY;11794-4433;19-3099.99;Social Scientists and Related Workers, All Other;CLINICAL RESEARCH ASSOCIATE II;69432.0;;Year;Y;1.0;STONY BROOK;NY;51792.0;Year;OES;OFLC ONLINE DATA CENTER;2010.0;;;;;;;;541710.0
169;I-200-10243-070427;CERTIFIED;2014-06-03 18:35:23;2014-06-09 22:00:30;H-1B;2014-06-03 00:00:00;2017-06-02 00:00:00;T-MOBILE USA, INC.;12920 SE 38TH ST;BELLEVUE;WA;98006;17-2071;Electrical Engineers;SENIOR ENGINEER, RF DEPLOYMENT;95930.0;;Year;Y;1.0;MOBILE;AL;95930.0;Year;OES;OFLC ONLINE DATA CENTER;2013.0;;;;;;;;517212.0
170;I-200-10243-194938;CERTIFIED;2013-11-06 18:39:04;2013-11-13 22:00:29;H-1B;2013-11-06 00:00:00;2016-11-06 00:00:00;XPRUDENT CORP;1333 CORPORATE DRIVE;IRVING;TX;75038;15-1121;Computer Systems Analysts;PROGRAMMER ANALYST;62442.0;;Year;Y;1.0;IRVING;TX;57346.0;Year;OES;OFLC ONLINE DATA CENTER;2013.0;PLAINSBORO;NJ;62442.0;Year;OES;OFLC ONLINE DATA CENTER;OFLC ONLINE DATA CENTER;541511.0
171;I-200-10243-324957;CERTIFIED;2013-11-06 18:49:09;2013-11-14 22:00:33;H-1B;2013-11-06 00:00:00;2016-11-06 00:00:00;XPRUDENT CORP;1333 CORPORATE DRIVE;IRVING;TX;75038;15-1121;Computer Systems Analysts;PROGRAMMER ANALYST;60000.0;;Year;Y;1.0;IRVING;TX;57346.0;Year;OES;OFLC ONLINE DATA CENTER;2013.0;;;;;;;;541511.0
172;I-200-10243-937886;WITHDRAWN;2010-09-08 18:34:39;2014-01-13 18:32:30;H-1B;2011-02-26 00:00:00;2014-02-25 00:00:00;CUMMINS FILTRATION, INC.;2931 ELM HILL PIKE;NASHVILLE;TN;37214;17-2112.00;Industrial Engineers;PRODUCT DEVELOPMENT ENGINEER;73900.0;90600.0;Year;Y;1.0;STOUGHTON;WI;68702.0;Year;OES;OFLC ONLINE DATA CENTER;2010.0;;;;;;;;3336.0
173;I-200-10244-087686;CERTIFIED-WITHDRAWN;2010-09-02 18:35:48;2013-11-01 17:21:15;H-1B;2010-11-13 00:00:00;2013-11-12 00:00:00;MOTOROLA MOBILITY, INC.;600 NORTH US HIGHWAY 45;LIBERTYVILLE;IL;60048;15-1032.00;Computer Software Engineers, Systems Software;SOFTWARE ENGINEER;124363.0;164700.0;Year;Y;1.0;SANTA CLARA;CA;124363.0;Year;OES;OFLC ONLINE DATA CENTER;2010.0;;;;;;;;334200.0
174;I-200-10245-215974;CERTIFIED;2014-03-14 11:07:09;2014-03-20 22:01:27;H-1B;2014-09-12 00:00:00;2017-09-12 00:00:00;DOCEPSILON, LLC;1327 EMPIRE CENTRAL DRIVE;DALLAS;TX;75247;13-2051;Financial Analysts;FINANCIAL ANALYST;25.0;;Hour;N;1.0;DALLAS;TX;24.42;Hour;Other;OFLC ONLINE DATA CENTER;2013.0;;;;;;;;5239.0
175;I-200-10245-956839;CERTIFIED;2014-03-13 14:10:16;2014-03-19 22:05:07;H-1B;2014-09-12 00:00:00;2017-09-12 00:00:00;AMERICAN CHINESE ART SOCIETY;111 TRUMAN ROAD;NEWTON;MA;02459;27-2032;Choreographers;CHOREOGRAPHER;50.0;;Hour;N;1.0;WOBURN;MA;26.12;Hour;Other;OFLC ONLINE DATA CENTER;2013.0;;;;;;;;7111.0
176;I-200-10250-339214;CERTIFIED-WITHDRAWN;2011-03-23 12:00:34;2014-09-05 09:55:16;H-1B;2011-09-07 00:00:00;2014-09-07 00:00:00;GABELLI SECURITIES, INC.;401 THEODORE FREMD AVE;RYE;NY;10580;13-2051.00;Financial Analysts;ANALYST, ALTERNATIVE INVESTMENT GROUP;120000.0;;Year;Y;1.0;RYE;NY;86965.0;Year;OES;OFLC ONLINE DATA CENTER;2010.0;;;;;;;;523930.0
177;I-200-10250-915316;WITHDRAWN;2010-09-21 12:56:48;2014-06-26 11:27:29;H-1B;2010-12-01 00:00:00;2013-11-30 00:00:00;ITRON INC.;2111 NORTH MOLTER ROAD;LIBERTY LAKE;WA;99019;17-2072.00;Electronics Engineers, Except Computer;ASSOCIATE DESIGN ENGINEER;58700.0;60000.0;Year;Y;10.0;WEST UNION;SC;58677.0;Year;OES;OFLC ONLINE DATA CENTER;2010.0;;;;;;;;334515.0
178;I-200-10250-971984;CERTIFIED;2014-05-22 17:56:57;2014-05-29 22:00:33;H-1B;2014-06-03 00:00:00;2017-06-03 00:00:00;UNIVERSAL TAX SYSTEMS, INC.;2700 LAKE COOK ROAD;RIVERWOODS;IL;60015;41-1012;First-Line Supervisors of Non-Retail Sales Workers;FIELD SALES REP;48589.0;85000.0;Year;Y;1.0;DAVIE;FL;48589.0;Year;OES;OFLC ONLINE DATA CENTER;2013.0;;;;;;;;511210.0
179;I-200-10250-986276;CERTIFIED;2014-08-19 15:54:51;2014-08-25 22:00:30;H-1B;2014-09-12 00:00:00;2017-09-12 00:00:00;CCH INCORPORATED;2700 LAKE COOK ROAD;RIVERWOODS;IL;60015;15-1132;Software Developers, Applications;IT ARCHITECT;85738.0;104100.0;Year;Y;1.0;WICHITA;KS;85738.0;Year;OES;OFLC ONLINE DATA CENTER;2014.0;;;;;;;;511210.0
180;I-200-10251-839079;CERTIFIED-WITHDRAWN;2010-09-08 14:03:44;2013-10-30 18:38:00;H-1B;2011-01-01 00:00:00;2013-12-31 00:00:00;UNIVERSITY OF CALIFORNIA, SAN FRANCISCO;1675 OWENS STREET, CC-290;SAN FRANCISCO;CA;94143;25-1071.00;Health Specialties Teachers, Postsecondary;HS ASSISTANT CLINICAL PROFESSOR;135740.0;;Year;Y;1.0;SAN FRANCISCO;CA;84110.0;Year;OES;OFLC ONLINE DATA CENTER;2010.0;;;;;;;;611310.0
181;I-200-10252-617966;WITHDRAWN;2010-09-10 16:06:44;2013-12-17 11:47:54;H-1B;2011-01-16 00:00:00;2014-01-16 00:00:00;GOLDMAN, SACHS & CO.;200 WEST STREET;NEW YORK;NY;10282;15-1011.00;Computer and Information Scientists, Research;SENIOR ANALYST/DEVELOPER;106000.0;;Year;Y;1.0;NEW YORK;NY;85925.0;Year;OES;OFLC ONLINE DATA CENTER;2010.0;;;;;;;;523110.0
182;I-200-10253-004221;CERTIFIED-WITHDRAWN;2010-09-14 19:14:55;2013-10-30 14:16:49;H-1B;2011-01-01 00:00:00;2013-12-31 00:00:00;RESPONSYS, INC.;900 CHERRY AVENUE;SAN BRUNO;CA;94066;19-3021.00;Market Research Analysts;CAMPAIGN DEVELOPMENT SPECIALIST;40000.0;51000.0;Year;Y;1.0;CHICAGO;IL;36171.0;Year;OES;OFLC ONLINE DATA CENTER;2010.0;;;;;;;;33422.0
183;I-200-10253-254883;CERTIFIED-WITHDRAWN;2010-09-10 16:50:06;2013-11-13 11:45:40;H-1B;2011-02-01 00:00:00;2014-02-01 00:00:00;PANTECH WIRELESS, INC.;5607 GLENRIDGE DRIVE;ATLANTA;GA;30342;19-3021.00;Market Research Analysts;DATA ANALYST;43306.0;;Year;Y;1.0;RICHARDSON;TX;43306.0;Year;OES;OFLC ONLINE DATA CENTER;2010.0;;;;;;;;423690.0
184;I-200-10253-529578;WITHDRAWN;2010-09-20 11:48:58;2014-01-08 09:13:24;H-1B;2011-03-01 00:00:00;2014-02-28 00:00:00;GLOBAL ATLANTIC PARTNERS;50 FEDERAL STREET, 9TH FLOOR;BOSTON;MA;02110;13-2011.02;Auditors;INTERNAL AUDITOR;62774.0;92774.0;Year;Y;1.0;BOSTON;MA;62774.0;Year;OES;OFLC ONLINE DATA CENTER;2010.0;;;;;;;;541611.0
185;I-200-10253-772888;CERTIFIED;2014-03-14 13:32:54;2014-03-20 22:04:08;H-1B;2014-09-12 00:00:00;2017-09-12 00:00:00;METROWEST SCHOOL OF MATHEMATICS, LLC;5 AUBURN STREET;FRAMINGHAM;MA;01701;25-3021;Self-Enrichment Education Teachers;ENRICHMENT MATH TEACHER;25.0;;Hour;N;1.0;FRAMINGHAM;MA;17.09;Hour;Other;OFLC ONLINE DATA CENTER;2013.0;;;;;;;;6116.0
186;I-200-10253-994228;CERTIFIED-WITHDRAWN;2010-09-10 10:50:44;2014-01-03 09:22:03;H-1B;2011-02-01 00:00:00;2014-02-01 00:00:00;MNCL, INC.;9810 E 42ND ST, STE# 223;TULSA;OK;74146;15-1021.00;Computer Programmers;PROGRAMMER ANALYST;50918.0;;Year;Y;1.0;RICHMOND;VA;50918.0;Year;OES;OFLC ONLINE DATA CENTER;2010.0;;;;;;;;541511.0
187;I-200-10256-239911;CERTIFIED-WITHDRAWN;2010-09-13 13:46:45;2013-10-24 14:44:48;H-1B;2010-11-01 00:00:00;2013-10-31 00:00:00;CALIFORNIA INSTITUTE OF TECHNOLOGY;1200 E. CALIFORNIA BLVD;PASADENA;CA;91125;19-1029.00;Biological Scientists, All Other;RESEARCHER;41000.0;;Year;Y;1.0;PASADENA;CA;33613.0;Year;OES;OFLC ONLINE DATA CENTER;2010.0;;;;;;;;611310.0
188;I-200-10256-428430;CERTIFIED-WITHDRAWN;2013-10-21 11:54:51;2013-11-05 11:01:31;H-1B;2013-11-04 00:00:00;2016-11-04 00:00:00;CAREMARK, LLC;750 W. JOHN CARPENTER FREEWAY;IRVING;TX;75039;15-1199;Computer Occupations, All Other;IT QUALITY ASSURANCE AUTOMATION ANALYST;42702.0;76200.0;Year;Y;1.0;BUFFALO GROVE;IL;42702.0;Year;OES;OFLC ONLINE DATA CENTER;2013.0;;;;;;;;424210.0
189;I-200-10257-548178;CERTIFIED-WITHDRAWN;2010-09-16 08:23:56;2013-11-04 13:00:40;H-1B;2011-01-01 00:00:00;2013-12-31 00:00:00;MASSACHUSETTS EYE & EAR INFIRMARY / HARVARD UNIVER;HARVARD UNIVERSITY;CAMBRIDGE;MA;02138;19-1029.00;Biological Scientists, All Other;RESEARCH FELLOW / RESEARCH FELLOW;43860.0;;Year;Y;1.0;BOSTON;MA;32926.0;Year;Other;OFLC ONLINE DATA CENTER;2010.0;;;;;;;;611310.0
190;I-200-10257-748346;WITHDRAWN;2010-09-14 15:57:33;2014-01-07 17:20:39;H-1B;2011-03-01 00:00:00;2014-02-28 00:00:00;FUNCTIONAL PATHWAYS OF TN, LLC;614 MABRY HOOD ROAD;KNOXVILLE;TN;37932;29-1123.00;Physical Therapists;REGISTERED PHYSICAL THERAPIST;74880.0;;Year;Y;1.0;SOUTH BOSTON;VA;64230.0;Year;OES;OFLC ONLINE DATA CENTER;2010.0;SOUTH BOSTON;VA;64230.0;Year;OES;OFLC ONLINE DATA CENTER;OFLC ONLINE DATA CENTER;621340.0
191;I-200-10259-980299;CERTIFIED;2014-03-17 13:57:23;2014-03-21 23:12:20;H-1B;2014-09-15 00:00:00;2017-09-15 00:00:00;SYSINTELLI, INC;9466 BLACK MOUNTAIN ROAD;SAN DIEGO;CA;92126;15-1132;Software Developers, Applications;JAVA DEVELOPER;82000.0;;Year;Y;1.0;BLOOMINGTON;IL;74256.0;Year;OES;OFLC ONLINE DATA CENTER;2013.0;;;;;;;;541519.0
192;I-200-10260-584695;CERTIFIED-WITHDRAWN;2010-09-17 09:45:55;2013-11-07 11:06:25;H-1B;2010-12-18 00:00:00;2013-12-17 00:00:00;INDIANA UNIVERSITY;601 E KIRKWOOD AVENUE;BLOOMINGTON;IN;47405;15-1052.00;Computer Systems Analysts, Non R&D (ACWIA Only);ANALYST/PROGRAMMER;56000.0;;Year;Y;1.0;BLOOMINGTON;IN;44325.0;Year;OES;;2010.0;;;;;;;;611310.0
193;I-200-10263-078754;CERTIFIED-WITHDRAWN;2010-10-04 20:02:02;2013-11-01 19:51:49;H-1B;2010-11-01 00:00:00;2013-11-01 00:00:00;SURVEYMONKEY.COM, LLC;285 HAMILTON AVENUE;PALO ALTO;CA;94301;15-1099.01;Software Quality Assurance Engineers and Testers;QUALITY ASSURANCE TEST ENGINEER;73000.0;;Year;Y;1.0;PALO ALTO;CA;57866.0;Year;OES;OFLC ONLINE DATA CENTER;2010.0;;;;;;;;541370.0
194;I-200-10263-223878;CERTIFIED-WITHDRAWN;2010-09-20 16:40:10;2013-10-31 09:55:07;H-1B;2011-03-19 00:00:00;2014-03-18 00:00:00;MARC JACOBS INTERNATIONAL, LLC;72 SPRING STREET;NEW YORK;NY;10012;19-3021.00;Market Research Analysts;ASSISTANT BRAND MANAGER, LICENSING DEPARTMENT;65000.0;85000.0;Year;Y;1.0;NEW YORK;NY;54600.0;Year;Other;WATSON WYATT: SURVEY REPORT ON PROFESIONAL ADMINISTRATIVE SERVICES;2009.0;;;;;;;;448150.0
195;I-200-10263-446780;CERTIFIED-WITHDRAWN;2010-09-20 11:46:45;2013-11-25 12:01:40;H-1B;2010-12-23 00:00:00;2013-12-22 00:00:00;NATIONAL INSTITUTES OF HEALTH, HHS;DIVISION OF INTERNATIONAL SERVICES/ORS;BETHESDA;MD;20892;19-1029.99;Biological Scientists, All Other;STAFF SCIENTIST;94418.0;;Year;Y;1.0;ROCKVILLE;MD;39229.0;Year;OES;;2010.0;;;;;;;;541712.0
196;I-200-10264-083492;CERTIFIED-WITHDRAWN;2010-10-05 14:52:13;2013-10-28 23:43:13;H-1B;2011-01-27 00:00:00;2014-01-27 00:00:00;ACS IT SOLUTIONS, LP;2828 NORTH HASKELL AVENUE;DALLAS;TX;75204;15-1051.00;Computer Systems Analysts;SYSTEMS CONSULTANT ANALYST;68674.94;;Year;Y;1.0;LEXINGTON;KY;61547.0;Year;OES;OFLC ONLINE DATA CENTER;2010.0;;;;;;;;541512.0
197;I-200-10264-228695;CERTIFIED-WITHDRAWN;2010-09-21 09:46:53;2013-12-09 14:07:40;H-1B;2011-02-01 00:00:00;2014-01-31 00:00:00;BOR USGA OBO THE MEDICAL COLLEGE OF GEORGIA;1120 15TH ST.;AUGUSTA;GA;30912;19-1042.00;Medical Scientists, Except Epidemiologists;ASSISTANT RESEARCH SCIENTIST;45877.0;;Year;Y;1.0;AUGUSTA;GA;35568.0;Year;OES;;2010.0;;;;;;;;611310.0
198;I-200-10264-536122;CERTIFIED-WITHDRAWN;2010-09-21 18:25:09;2013-11-01 14:56:51;H-1B;2010-12-24 00:00:00;2013-12-23 00:00:00;NEW YORK UNIVERSITY SCHOOL OF MEDICINE;550 FIRST AVENUE;NEW YORK;NY;10016;19-1021.00;Biochemists and Biophysicists;POSTDOCTORAL FELLOW;54000.0;;Year;Y;1.0;NEW YORK;NY;46696.0;Year;OES;OFLC ONLINE DATA CENTER;2010.0;;;;;;;;611310.0
199;I-200-10264-830592;CERTIFIED-WITHDRAWN;2012-04-06 17:40:07;2013-11-05 12:28:44;H-1B;2012-04-06 00:00:00;2015-04-06 00:00:00;FAITHFUL+GOULD, INC.;200 PRINCETON SOUTH CORPORATE CENTER;EWING;NJ;08628;13-1051;Cost Estimators;COST CONSULTANT (QUANTITY SURVEYOR);90500.0;;Year;Y;1.0;SAN FRANCISCO;CA;89500.0;Year;Other;APWD, INC.: TOWERS WATSON: ADMINISTRATIVE PROFESSIONAL COMPENSATION SURVEY -2011 DATA FROM;2012.0;SOUTH SAN FRANCISCO;CA;89500.0;Year;Other;APWD, INC.: TOWERS WATSON: ADMINISTRATIVE PROFESSIONAL COMPENSATION SURVEY -2011 DATA FROM;APWD, INC.: TOWERS WATSON: ADMINISTRATIVE PROFESSIONAL COMPENSATION SURVEY -2011 DATA FROM;5413.0
200;I-200-10264-844827;CERTIFIED-WITHDRAWN;2010-09-21 11:39:52;2013-12-31 10:15:41;H-1B;2011-01-15 00:00:00;2014-01-15 00:00:00;THE UNIVERSITY OF TENNESSEE;CENTER FOR INTERNATIONAL EDUCATION;KNOXVILLE;TN;37996;19-1021.01;Biochemists;POST-DOCTORAL RESEARCH ASSOCIATE;38499.96;;Year;Y;1.0;KNOXVILLE;TN;35838.0;Year;OES;;2010.0;OAK RIDGE;TN;35838.0;Year;OES;;;611310.0
201;I-200-10265-740864;CERTIFIED-WITHDRAWN;2010-09-23 11:10:47;2013-11-12 09:38:10;H-1B;2011-03-16 00:00:00;2014-03-15 00:00:00;SANOFI-AVENTIS U.S. INC;55 CORPORATE DRIVE;BRIDGEWATER;NJ;08807;19-3021.00;Market Research Analysts;MANAGER, SECONDARY MARKET RESEARCH & AREA ANALYTIC;100170.0;;Year;Y;1.0;BRIDGEWATER;NJ;57200.0;Year;OES;OFLC ONLINE DATA CENTER;2010.0;;;;;;;;32541.0
202;I-200-10266-046284;CERTIFIED-WITHDRAWN;2010-10-07 12:10:00;2013-11-22 12:45:13;H-1B;2011-03-01 00:00:00;2014-02-28 00:00:00;OPUS ONE CORPORATION;5334 E. CHAPMAN AVE.;ORANGE;CA;92869;15-1021.00;Computer Programmers;SOFTWARE PROGRAMMER;47000.0;;Year;Y;1.0;ORANGE;CA;46883.0;Year;Other;OFLC ONLINE DATA CENTER;2010.0;;;;;;;;5415.0
203;I-200-10266-251980;WITHDRAWN;2010-09-23 11:37:29;2014-06-23 18:12:53;H-1B;2011-01-03 00:00:00;2014-01-02 00:00:00;A123 SYSTEMS, INC.;ONE KINGSBURY AVENUE;WATERTOWN;MA;2472;19-2032.00;Materials Scientists;BATTERY PROCESS MATERIALS SCIENTIST;75000.0;;Year;Y;1.0;ANN ARBOR;MI;48630.0;Year;OES;OFLC ONLINE DATA CENTER;2010.0;;;;;;;;335912.0
204;I-200-10266-343357;CERTIFIED-WITHDRAWN;2010-10-01 09:40:32;2013-11-07 10:30:38;H-1B;2011-03-01 00:00:00;2014-02-28 00:00:00;JOHNSON CONTROLS, INC.;5757 N. GREEN BAY AVE.;MILWAUKEE;WI;53209;15-1051.00;Computer Systems Analysts;SENIOR SAP ANALYST;99986.0;126240.0;Year;Y;1.0;PLYMOUTH;MI;99986.0;Year;OES;OFLC ONLINE DATA CENTER;2010.0;;;;;;;;333415.0
205;I-200-10267-540390;CERTIFIED-WITHDRAWN;2010-09-24 12:01:48;2014-02-19 17:06:23;H-1B;2011-02-25 00:00:00;2014-02-25 00:00:00;MARLABS, INC;1 CORPORATE PLACE SOUTH;PISCATAWAY;NJ;08854;15-1021.00;Computer Programmers;PROGRAMMER/ANALYST;64000.0;;Year;Y;1.0;MORRISVILLEÂ ;NC;63045.0;Year;OES;OFLC ONLINE DATA CENTER;2010.0;;;;;;;;541511.0
206;I-200-10267-559036;CERTIFIED-WITHDRAWN;2010-09-24 16:33:09;2014-06-13 11:21:59;H-1B;2010-10-01 00:00:00;2013-09-30 00:00:00;TRELLIS TECHNOLOGY SOLUTIONS, LLC;320 DECKER DRIVE,;IRVING;TX;75062;15-1051.00;Computer Systems Analysts;SYSTEMS ANALYST;51300.0;;Year;Y;1.0;IRVING;TX;51230.0;Year;Other;OFLC ONLINE DATA CENTER;2010.0;;;;;;;;541511.0
207;I-200-10267-795585;CERTIFIED-WITHDRAWN;2010-09-24 16:22:00;2013-10-18 14:40:38;H-1B;2010-12-05 00:00:00;2013-12-05 00:00:00;MICROSTRATEGY INCORPORATED;1861 INTERNATIONAL DRIVE;MCLEAN;VA;22102;15-031;;SOFTWARE ENGINEER;66700.0;105000.0;Year;Y;1.0;VIENNA;VA;66622.0;Year;OES;OFLC ONLINE DATA CENTER;2010.0;;;;;;;;5415.0
208;I-200-10267-868641;CERTIFIED-WITHDRAWN;2010-09-24 16:30:09;2014-06-13 11:21:58;H-1B;2010-10-01 00:00:00;2013-09-30 00:00:00;TRELLIS TECHNOLOGY SOLUTIONS, LLC;320 DECKER DRIVE,;IRVING;TX;75062;15-1051.00;Computer Systems Analysts;SYSTEMS ANALYST;51300.0;;Year;Y;1.0;IRVING;TX;51230.0;Year;Other;OFLC ONLINE DATA CENTER;2010.0;;;;;;;;541511.0
209;I-200-10267-931078;CERTIFIED-WITHDRAWN;2010-09-30 14:27:39;2013-10-31 16:03:08;H-1B;2010-11-01 00:00:00;2013-10-31 00:00:00;CITIGROUP GLOBAL MARKETS INC.;111 WALL STREET;NEW YORK;NY;10005;13-2051.00;Financial Analysts;SENIOR ANALYST;175000.0;;Year;Y;1.0;NEW YORK;NY;136989.0;Year;OES;OFLC ONLINE DATA CENTER;2010.0;;;;;;;;523110.0
210;I-200-10269-438598;CERTIFIED;2014-03-11 14:52:12;2014-03-17 22:04:02;H-1B;2014-09-08 00:00:00;2017-09-08 00:00:00;SECURA SOLUTIONS INC;18 BEECH ST;EDISON;NJ;08817;15-1131;Computer Programmers;PROGRAMMER ANALYST;70000.0;;Year;Y;1.0;AUSTIN;TX;66082.0;Year;Other;ONLINE WAGE LIBRARY;2014.0;;;;;;;;541511.0
211;I-200-10270-113655;CERTIFIED;2013-12-04 14:05:56;2013-12-10 22:00:45;H-1B;2013-12-05 00:00:00;2016-11-25 00:00:00;INTERNATIONAL EXPORT;6333 ETZEL AVE.;WELSTON;MO;63133;17-2071.00;Electrical Engineers;DESIGN ELECTRICAL ENGINEER;30.67;;Hour;Y;1.0;WELSTON;MO;30.67;Hour;Other;OFLC ONLINE DATA CENTER;2013.0;;;;;;;;335110.0
212;I-200-10270-329811;WITHDRAWN;2010-10-07 14:52:44;2014-01-17 11:34:37;H-1B;2011-03-17 00:00:00;2014-03-16 00:00:00;CHEETAH SOFTWARE SYSTEMS, INC.;200 N. WESTLAKE BLVD., SUITE 200;WESTLAKE VILLAGE;CA;91362;15-1031.00;Computer Software Engineers, Applications;SR. SOFTWARE ENGINEER;97000.0;;Year;Y;1.0;WESTLAKE VILLAGE;CA;92914.0;Year;OES;OFLC ONLINE DATA CENTER;2010.0;;;;;;;;541511.0
213;I-200-10270-398318;CERTIFIED-WITHDRAWN;2010-09-27 21:29:44;2014-02-02 21:19:55;H-1B;2010-10-10 00:00:00;2013-10-09 00:00:00;REVISION TECHNOLOGIES INC;30 RICHARD ROAD;EDISON;NJ;08820;15-1071.00;Network and Computer Systems Administrators;NETWORK AND COMPUTER SYSTEMS ADMINISTRATORS;60000.0;62000.0;Year;Y;1.0;EDISON;NJ;56056.0;Year;OES;OFLC ONLINE DATA CENTER;2010.0;;;;;;;;541511.0
214;I-200-10270-759594;CERTIFIED;2014-03-01 15:09:11;2014-03-06 22:03:53;H-1B;2014-08-30 00:00:00;2017-08-29 00:00:00;SAMSUNG INFORMATION SYSTEMS AMERICA, INC.;75 WEST PLUMERIA DRIVE;SAN JOSE;CA;95134;17-2071;Electrical Engineers;RESEARCH ENGINEER, SENIOR;130000.0;;Year;Y;1.0;SAN FRANCISCO;CA;110822.0;Year;OES;OFLC ONLINE DATA CENTER;2014.0;;;;;;;;541710.0
215;I-200-10272-179291;CERTIFIED-WITHDRAWN;2010-10-13 11:03:14;2013-12-30 10:53:40;H-1B;2011-01-01 00:00:00;2014-01-01 00:00:00;SOGETI USA LLC;7735 PARAGON ROAD;DAYTON;OH;45459;15-1051.00;Computer Systems Analysts;SENIOR CONSULTANT;86600.0;;Year;Y;1.0;BELLEVUE;WA;86590.0;Year;OES;OFLC ONLINE DATA CENTER;2010.0;;;;;;;;541511.0
216;I-200-10272-267472;CERTIFIED-WITHDRAWN;2010-10-04 19:16:34;2013-10-21 13:20:42;H-1B;2011-02-22 00:00:00;2014-02-21 00:00:00;QUALCOMM INCORPORATED;5775 MOREHOUSE DRIVE;SAN DIEGO;CA;92121;17-2072.00;Electronics Engineers, Except Computer;SENIOR SYSTEMS ENGINEER (HW);99204.0;128016.0;Year;Y;1.0;SANTA CLARA;CA;99204.0;Year;Other;RADFORD BENCHMARK SURVEY - 5063;2010.0;;;;;;;;334220.0
217;I-200-10272-532637;WITHDRAWN;2010-09-29 16:58:22;2014-01-02 14:26:56;H-1B;2011-02-16 00:00:00;2014-02-16 00:00:00;EXPERIAN MARKETING SOLUTIONS, INC.;701 EXPERIAN PARKWAY;ALLEN;TX;75013;15-1061.00;Database Administrators;DATABASE ADMINISTRATOR LEAD;101428.79;;Year;Y;1.0;SCHAUMBURG;IL;89731.0;Year;OES;OFLC ONLINE DATA CENTER;2010.0;;;;;;;;5191.0
218;I-200-10272-668183;CERTIFIED-WITHDRAWN;2010-09-30 12:05:53;2013-11-12 14:47:22;H-1B;2011-03-16 00:00:00;2014-03-15 00:00:00;QUALCOMM INCORPORATED;5775 MOREHOUSE DRIVE;SAN DIEGO;CA;92121;17-2072.00;Electronics Engineers, Except Computer;STAFF HARDWARE ENGINEER;98820.8;147912.0;Year;Y;1.0;SAN DIEGO;CA;98820.8;Year;OES;OFLC ONLINE DATA CENTER;2010.0;;;;;;;;334220.0
219;I-200-10272-702152;CERTIFIED-WITHDRAWN;2010-09-30 09:38:41;2013-12-23 13:36:48;H-1B;2011-01-17 00:00:00;2014-01-16 00:00:00;AMAZON CORPORATE LLC;535 TERRY AVENUE NORTH;SEATTLE;WA;98109;15-1031.00;Computer Software Engineers, Applications;SOFTWARE DEVELOPMENT ENGINEER I;90000.0;;Year;Y;1.0;SEATTLE;WA;70221.0;Year;OES;OFLC ONLINE DATA CENTER;2010.0;;;;;;;;454111.0
220;I-200-10274-218024;CERTIFIED-WITHDRAWN;2010-10-06 16:05:06;2013-11-27 13:01:24;H-1B;2011-04-01 00:00:00;2014-03-31 00:00:00;CITIGROUP GLOBAL MARKETS INC.;111 WALL STREET;NEW YORK;NY;10005;13-2051.00;Financial Analysts;QUANTITATIVE ANALYSIS ASSOCIATE;100000.0;;Year;Y;1.0;NEW YORK;NY;86965.0;Year;OES;OFLC ONLINE DATA CENTER;2010.0;;;;;;;;523110.0
221;I-200-10274-864730;CERTIFIED-WITHDRAWN;2010-12-07 15:02:04;2013-11-05 11:34:34;H-1B;2010-12-08 00:00:00;2013-12-08 00:00:00;CONTICO CORPORATION;2045 LINCOLN HWY;EDISON;NJ;08817;13-2011.01;Accountants;PROJECT ACCOUNTANT;99225.0;;Year;Y;1.0;STATEN ISLAND;NY;87922.0;Year;OES;OFLC ONLINE DATA CENTER;2010.0;;;;;;;;23799.0
222;I-200-10277-034388;CERTIFIED;2014-03-07 10:27:17;2014-03-13 22:04:00;H-1B;2014-09-03 00:00:00;2017-09-03 00:00:00;SULLIVAN, COTTER AND ASSOCIATES, INC.;90 S. SEVENTH STREET, SUITE 3750;MINNEAPOLIS;MN;55402;15-2041;Statisticians;ANALYST;54590.0;;Year;Y;1.0;PITTSBURGH;PA;48693.0;Year;OES;OFLC ONLINE WAGE LIBRARY;2014.0;;;;;;;;541612.0
223;I-200-10277-129186;CERTIFIED-WITHDRAWN;2010-10-11 15:11:32;2014-01-13 13:15:56;H-1B;2011-03-01 00:00:00;2014-02-28 00:00:00;TRUSTEES OF THE UNIVERSITY OF PENNSYLVANIA;3701 CHESTNUT STREET, SUITE 1W;PHILADELPHIA;PA;19104;19-4021.00;Biological Technicians;RESEARCH SPECIALIST B;46812.43;;Year;Y;1.0;PHILADELPHIA;PA;31699.0;Year;OES;OFLC ONLINE DATA CENTER;2010.0;;;;;;;;611310.0
224;I-200-10277-245354;CERTIFIED-WITHDRAWN;2010-10-04 16:31:46;2013-11-13 15:16:48;H-1B;2010-12-16 00:00:00;2013-12-16 00:00:00;CAPITAL IQ, INC.;1221 AVENUE OF THE AMERICAS;NEW YORK;NY;10020;15-1031.00;Computer Software Engineers, Applications;SOFTWARE ENGINEER;100000.0;125000.0;Year;Y;1.0;NEW YORK;NY;84885.0;Year;OES;OFLC ONLINE DATA CENTER;2010.0;;;;;;;;523999.0
225;I-200-10277-495440;CERTIFIED;2013-11-05 19:29:34;2013-11-13 22:01:40;H-1B;2014-03-07 00:00:00;2017-03-06 00:00:00;ZYNGA INC.;699 8TH STREET;SAN FRANCISCO;CA;94103;15-1132;Software Developers, Applications;PRINCIPAL SOFTWARE ENGINEER;140000.0;;Year;Y;1.0;SAN FRANCISCO;CA;132080.0;Year;OES;OFLC ONLINE DATA CENTER;2013.0;;;;;;;;516110.0
226;I-200-10278-037413;CERTIFIED-WITHDRAWN;2010-10-07 16:00:29;2013-12-10 17:07:30;H-1B;2011-02-01 00:00:00;2014-01-31 00:00:00;THE OHIO STATE UNIVERSITY;1712 NEIL AVENUE;COLUMBUS;OH;43210-1219;19-1021.01;Biochemists;POST DOCTORAL RESEARCHER;39000.0;;Year;Y;1.0;COLUMBUS;OH;33446.0;Year;OES;;2010.0;;;;;;;;611310.0
227;I-200-10278-125157;CERTIFIED-WITHDRAWN;2013-11-18 18:19:59;2014-08-04 16:19:27;H-1B;2014-02-08 00:00:00;2017-02-07 00:00:00;ZYNGA INC.;699 8TH STREET;SAN FRANCISCO;CA;94103;15-1132;Software Developers, Applications;SENIOR MANAGER, SOFTWARE ENGINEERING;130000.0;;Year;Y;1.0;SAN FRANCISCO;CA;112674.0;Year;OES;OFLC ONLINE DATA CENTER;2013.0;;;;;;;;516110.0
228;I-200-10278-243473;CERTIFIED-WITHDRAWN;2010-10-05 18:25:14;2013-10-29 08:58:06;H-1B;2011-04-01 00:00:00;2014-03-31 00:00:00;BAYLOR COLLEGE OF MEDICINE;ONE BAYLOR PLAZA;HOUSTON;TX;77030;19-1021.00;Biochemists and Biophysicists;POSTDOCTORAL ASSOCIATE/FELLOW;37368.0;;Year;Y;1.0;HOUSTON;TX;36587.0;Year;OES;;2010.0;;;;;;;;611310.0
229;I-200-10278-267373;WITHDRAWN;2010-10-05 12:55:37;2014-01-09 10:18:03;H-1B;2011-04-02 00:00:00;2014-04-01 00:00:00;FACEBOOK, INC.;1601 S. CALIFORNIA AVE.;PALO ALTO;CA;94304;15-1031.00;Computer Software Engineers, Applications;SOFTWARE ENGINEER;95000.0;;Year;Y;1.0;PALO ALTO;CA;82035.0;Year;OES;OFLC - ONLINE DATA CENTER;2010.0;;;;;;;;519130.0
230;I-200-10278-356582;WITHDRAWN;2010-10-05 13:14:02;2014-01-08 12:20:40;H-1B;2011-02-01 00:00:00;2014-01-31 00:00:00;UNIVERSITY OF MARYLAND BALTIMORE;601 W. LOMBARD STREET;BALTIMORE;MD;21201;19-1021.00;Biochemists and Biophysicists;POST DOCTORAL FELLOW;40000.0;;Year;Y;1.0;BALTIMORE;MD;35838.0;Year;OES;OFLC ONLINE DATA CENTER;2010.0;;;;;;;;611310.0
231;I-200-10278-819931;CERTIFIED;2013-11-05 19:26:43;2013-11-13 22:01:41;H-1B;2014-01-05 00:00:00;2017-01-04 00:00:00;ZYNGA INC.;699 8TH STREET;SAN FRANCISCO;CA;94103;27-1014;Multimedia Artists and Animators;LEAD DESIGNER;126000.0;;Year;Y;1.0;SAN FRANCISCO;CA;85821.0;Year;OES;OFLC ONLINE DATA CENTER;2013.0;;;;;;;;516110.0
232;I-200-10279-237749;CERTIFIED-WITHDRAWN;2010-10-07 10:20:23;2013-10-22 22:50:14;H-1B;2011-03-12 00:00:00;2014-03-12 00:00:00;ACS RECOVERY SERVICES, INC.;2828 NORTH HASKELL AVENUE;DALLAS;TX;75204;11-9199.99;Managers, All Other;BUSINESS DEVELOPMENT MANAGER;105000.0;;Year;Y;1.0;SCHAUMBURG;IL;79456.0;Year;OES;OFLC ONLINE DATA CENTER;2010.0;AUSTIN;TX;80588.0;Year;OES;OFLC ONLINE DATA CENTER;OFLC ONLINE DATA CENTER;541512.0
233;I-200-10279-990602;WITHDRAWN;2010-10-06 17:18:04;2014-01-07 14:56:03;H-1B;2011-02-19 00:00:00;2014-02-18 00:00:00;FACEBOOK, INC.;1601 S. CALIFORNIA AVE.;PALO ALTO;CA;94304;15-1031.00;Computer Software Engineers, Applications;APPLICATION DEVELOPER;98100.0;;Year;Y;1.0;PALO ALTO;CA;82035.0;Year;OES;OFLC - ONLINE DATA CENTER;2010.0;;;;;;;;519130.0